date,player,team,salary,batting_order,blended_rating,attack_conf,actual_dk_pts
2026-06-27,Trevor Larnach,Minnesota Twins,3800,1,92.0,100.0,19.0
2026-06-27,Jonathan Aranda,Tampa Bay Rays,4200,2,89.0,98.74407582938389,20.0
2026-06-27,Jake Mccarthy,Colorado Rockies,3900,1,88.7,100.0,20.0
2026-06-27,Fernando Tatis,San Diego Padres,3000,1,79.4,84.06963788300835,5.0
2026-06-27,Gabriel Moreno,Arizona Diamondbacks,4000,4,86.4,100.0,3.0
2026-06-27,Ketel Marte,Arizona Diamondbacks,5100,1,83.0,100.0,13.5
2026-06-27,Blaze Alexander,Baltimore Orioles,2900,6,82.7,100.0,2.5
2026-06-27,Sam Antonacci,Chicago White Sox,4000,1,81.4,100.0,3.0
2026-06-27,Bobby Witt,Kansas City Royals,6200,2,71.9,81.01452784503633,5.0
2026-06-27,Troy Johnston,Colorado Rockies,4500,7,69.4,76.43520782396088,0.0
2026-06-27,Victor Caratini,Minnesota Twins,3300,5,72.8,88.1976911976912,4.5
2026-06-27,Carter Jensen,Kansas City Royals,4400,1,63.0,69.38761776581427,4.5
2026-06-27,Joe Mack,Miami Marlins,2800,9,56.7,58.49295774647888,4.5
2026-06-27,Heriberto Hernandez,Miami Marlins,3500,4,67.0,79.76704545454545,2.0
2026-06-27,Drew Gilbert,San Francisco Giants,3000,8,60.0,66.20351390922401,2.0
2026-06-27,Nathan Church,St. Louis Cardinals,2700,9,51.6,49.497175141242934,-1.0
2026-06-27,Xander Bogaerts,San Diego Padres,3000,6,63.7,75.01071975497703,0.0
2026-06-27,Jung Hoo Lee,San Francisco Giants,3000,3,59.8,68.11311672683514,-1.0
2026-06-27,Josh Bell,Minnesota Twins,3000,4,70.8,90.93083573487031,10.0
2026-06-27,Carson Benge,New York Mets,3900,1,59.3,68.54253835425384,7.5
2026-06-27,Isaac Collins,Kansas City Royals,2500,9,56.8,63.920731707317074,5.0
2026-06-27,Owen Caissie,Miami Marlins,2800,5,59.2,70.0,-1.0
2026-06-27,Masyn Winn,St. Louis Cardinals,3600,6,58.5,71.0,4.5
2026-06-27,Jacob Gonzalez,Chicago White Sox,2200,8,55.0,64.64102564102564,4.5
2026-06-27,Chandler Simpson,Tampa Bay Rays,3800,5,51.6,57.8525641025641,2.5
2026-06-27,Brooks Lee,Minnesota Twins,3500,7,66.0,87.12890094979647,10.0
2026-06-27,Manny Machado,San Diego Padres,3000,4,55.6,66.33587786259542,-1.0
2026-06-27,Nolan Schanuel,Los Angeles Angels,3000,3,66.1,88.36313617606602,7.0
2026-06-27,Dansby Swanson,Chicago Cubs,3500,9,51.4,59.0,-1.0
2026-06-27,Sal Frelick,Milwaukee Brewers,3000,7,49.5,55.738853503184714,5.0
2026-06-27,Taylor Walls,Tampa Bay Rays,2900,7,46.6,50.65428109854605,2.5
2026-06-27,Mauricio Dubon,Atlanta Braves,3000,6,51.6,60.66666666666666,5.0
2026-06-27,Aj Ewing,New York Mets,3300,7,45.1,49.0,9.5
2026-06-27,Luis Arraez,San Francisco Giants,3000,1,50.0,60.03097893432466,5.0
2026-06-27,Ozzie Albies,Atlanta Braves,3000,2,53.5,67.35567010309279,0.0
2026-06-27,Blake Perkins,Milwaukee Brewers,2500,6,54.3,71.0,7.0
2026-06-27,Henry Bolte,Athletics,3000,1,53.3,69.68796068796068,-2.0
2026-06-27,Lujames Groover,Arizona Diamondbacks,2100,8,53.6,71.99130434782609,-1.0
2026-06-27,Rafael Devers,San Francisco Giants,3000,4,39.4,43.50684931506849,31.5
2026-06-27,Rafael Marchan,Philadelphia Phillies,2600,9,34.1,44.66666666666667,3.0
2026-07-01,Esmerlyn Valdez,Pittsburgh Pirates,2900,4,95.3,95.52961980548187,4.5
2026-07-01,Jonathan Aranda,Tampa Bay Rays,4200,2,91.7,100.0,10.0
2026-07-01,Yandy Diaz,Tampa Bay Rays,5200,1,90.5,100.0,-0.5
2026-07-01,Ketel Marte,Arizona Diamondbacks,5100,1,88.8,100.0,21.5
2026-07-01,Lars Nootbaar,St. Louis Cardinals,3700,5,82.8,100.0,-1.0
2026-07-01,Tyler Stephenson,Cincinnati Reds,2900,5,77.9,94.04154302670622,9.5
2026-07-01,Otto Lopez,Miami Marlins,4300,1,71.7,85.28169014084507,3.0
2026-07-01,Geraldo Perdomo,Arizona Diamondbacks,4000,2,76.0,94.52777777777779,3.0
2026-07-01,Cam Smith,Houston Astros,2500,5,65.2,77.19061583577712,6.5
2026-07-01,Rafael Devers,San Francisco Giants,3000,4,59.3,71.69855832241154,7.0
2026-07-01,Luis Arraez,San Francisco Giants,3000,1,59.2,76.97607655502392,0.0
2026-07-01,Jake Mccarthy,Colorado Rockies,3900,1,54.8,69.17961165048544,-0.5
2026-07-01,Henry Davis,Pittsburgh Pirates,3100,9,46.1,55.0,13.0
2026-07-01,Carter Jensen,Kansas City Royals,4400,6,41.9,47.89473684210526,-1.0
2026-07-01,Colby Thomas,Athletics,3000,1,36.6,37.28966521106259,8.5
2026-07-01,Mauricio Dubon,Atlanta Braves,3000,5,50.2,64.82513661202185,6.0
2026-07-01,Taylor Trammell,Houston Astros,2700,6,40.3,46.960205391527595,1.5
2026-07-01,Victor Bericoto,San Francisco Giants,3000,7,46.2,59.652223489167625,19.0
2026-07-01,Chandler Simpson,Tampa Bay Rays,3800,5,41.6,53.069182389937104,8.0
2026-07-01,Lourdes Gurriel,Arizona Diamondbacks,2800,5,45.1,60.82255389718077,-1.0
2026-07-01,Yainer Diaz,Houston Astros,3200,7,37.1,45.57861635220126,-1.5
2026-07-02,Mookie Betts,Los Angeles Dodgers,3000,4,87.2,100.0,14.0
2026-07-02,Gavin Sheets,San Diego Padres,3000,4,78.8,100.0,6.5
2026-07-02,Manny Machado,San Diego Padres,3000,3,69.5,85.0,19.5
2026-07-02,Cole Young,Seattle Mariners,3000,8,50.2,47.48876404494382,-1.0
2026-07-02,Ty France,San Diego Padres,3000,5,66.9,83.0,2.5
2026-07-02,Josh Naylor,Seattle Mariners,4500,5,51.9,58.89374090247452,-0.5
2026-07-02,Mauricio Dubon,Atlanta Braves,3000,5,52.4,62.45283018867924,11.5
2026-07-02,Jake Cronenworth,San Diego Padres,3000,2,62.6,86.19834710743802,17.5
2026-07-02,Kerry Carpenter,Detroit Tigers,3600,3,53.8,70.26899128268991,1.5
2026-07-02,Josh Lowe,Los Angeles Angels,3000,8,30.6,36.0,-0.5
2026-07-02,Haoyu Lee,Detroit Tigers,2600,9,25.3,26.0,14.5
2026-07-03,Freddie Freeman,Los Angeles Dodgers,3000,3,97.4,100.0,2.5
2026-07-03,Esmerlyn Valdez,Pittsburgh Pirates,2900,4,95.0,100.0,14.5
2026-07-03,Ketel Marte,Arizona Diamondbacks,5100,1,94.7,100.0,13.0
2026-07-03,Miguel Vargas,Chicago White Sox,4900,2,90.0,96.33214709371293,22.5
2026-07-03,Mookie Betts,Los Angeles Dodgers,3000,4,90.8,100.0,4.0
2026-07-03,Jonathan Aranda,Tampa Bay Rays,4200,2,88.8,100.0,-0.5
2026-07-03,Tyler Stephenson,Cincinnati Reds,2900,7,79.4,93.45772594752187,2.0
2026-07-03,Aj Ewing,New York Mets,3300,1,80.0,96.0,2.0
2026-07-03,Heliot Ramos,San Francisco Giants,3000,3,70.5,78.14732724902217,2.5
2026-07-03,Rafael Devers,San Francisco Giants,3000,4,71.4,83.24607329842931,17.0
2026-07-03,Trevor Larnach,Minnesota Twins,3800,1,72.1,86.1820418204182,1.5
2026-07-03,Garrett Mitchell,Milwaukee Brewers,3100,1,76.3,95.0,17.5
2026-07-03,Edouard Julien,Colorado Rockies,3200,7,64.0,70.62787136294028,7.5
2026-07-03,Chase Delauter,Cleveland Guardians,3500,3,72.4,89.30647291941875,-0.5
2026-07-03,Geraldo Perdomo,Arizona Diamondbacks,4000,2,77.7,100.0,-1.0
2026-07-03,Otto Lopez,Miami Marlins,4300,3,71.3,88.24361948955917,12.5
2026-07-03,Gavin Sheets,San Diego Padres,3000,4,67.5,82.0606826801517,5.0
2026-07-03,Victor Bericoto,San Francisco Giants,3000,8,67.8,82.87370600414079,-0.5
2026-07-03,Cam Smith,Houston Astros,2500,5,55.5,58.81286549707602,3.0
2026-07-03,Victor Caratini,Minnesota Twins,3300,6,59.4,70.12676056338029,4.5
2026-07-03,Cole Young,Seattle Mariners,3000,7,51.8,55.632768361581924,2.5
2026-07-03,Tj Rumfield,Colorado Rockies,4100,4,56.6,67.13953488372093,6.5
2026-07-03,Ty France,San Diego Padres,3000,5,60.0,74.22754491017965,-1.0
2026-07-03,Mauricio Dubon,Atlanta Braves,3000,4,61.4,77.45283018867924,5.5
2026-07-03,Jake Mccarthy,Colorado Rockies,3900,1,60.4,75.68033775633293,47.0
2026-07-03,Luis Arraez,San Francisco Giants,3000,1,65.1,86.38349514563106,6.5
2026-07-03,Steven Kwan,Cleveland Guardians,3000,9,55.0,67.45945945945945,6.5
2026-07-03,Jake Cronenworth,San Diego Padres,3000,2,55.6,70.546875,7.5
2026-07-03,Leo Jimenez,Miami Marlins,2200,9,50.5,62.60573476702508,-1.0
2026-07-03,Sal Frelick,Milwaukee Brewers,3000,1,45.2,51.94856278366112,0.0
2026-07-03,Jacob Gonzalez,Chicago White Sox,2200,9,44.7,52.15202231520223,3.0
2026-07-03,Josh Lowe,Los Angeles Angels,3000,8,49.9,66.4308943089431,5.0
2026-07-03,David Fry,Cleveland Guardians,3100,2,50.7,68.44141689373296,-0.5
2026-07-03,Sungmun Song,San Diego Padres,3000,8,42.0,51.0,7.5
2026-07-03,Colby Thomas,Athletics,3000,1,49.3,66.04347826086956,-0.5
2026-07-03,Taylor Trammell,Houston Astros,2700,6,37.6,43.333333333333336,0.0
2026-07-03,Taylor Walls,Tampa Bay Rays,2900,8,43.1,57.95943837753509,7.0
2026-07-03,Gabriel Arias,Cleveland Guardians,2000,7,39.8,51.67816091954023,3.5
2026-07-03,Ernie Clement,Toronto Blue Jays,2800,7,26.5,28.390275952693827,0.0
2026-07-04,Willson Contreras,Boston Red Sox,3000,4,99.2,91.91666666666666,18.0
2026-07-04,Freddie Freeman,Los Angeles Dodgers,3000,3,98.5,100.0,20.5
2026-07-04,Miguel Vargas,Chicago White Sox,4900,1,98.2,100.0,5.5
2026-07-04,Ketel Marte,Arizona Diamondbacks,5100,1,94.4,100.0,2.0
2026-07-04,Mookie Betts,Los Angeles Dodgers,3000,4,92.2,100.0,5.0
2026-07-04,Heliot Ramos,San Francisco Giants,3000,1,74.2,73.75853018372703,6.5
2026-07-04,Jonathan Aranda,Tampa Bay Rays,4200,1,84.5,95.56537102473499,3.0
2026-07-04,Samuel Basallo,Baltimore Orioles,3500,5,69.0,69.076726342711,19.0
2026-07-04,Rafael Devers,San Francisco Giants,3000,4,76.2,88.0,5.0
2026-07-04,Michael Conforto,Chicago Cubs,3400,7,80.9,100.0,7.5
2026-07-04,Garrett Mitchell,Milwaukee Brewers,3100,5,80.3,100.0,7.5
2026-07-04,Otto Lopez,Miami Marlins,4300,3,76.3,94.04529616724739,26.0
2026-07-04,Kyle Karros,Colorado Rockies,2500,2,77.5,97.0,3.0
2026-07-04,Gavin Sheets,San Diego Padres,3000,4,68.4,80.1526717557252,4.5
2026-07-04,Cam Smith,Houston Astros,2500,6,53.3,57.844346549192366,0.0
2026-07-04,Anthony Seigler,Boston Red Sox,3000,1,53.9,59.31981981981981,13.0
2026-07-04,Ty France,San Diego Padres,3000,5,56.5,65.5813953488372,-0.5
2026-07-04,Jake Mccarthy,Colorado Rockies,3900,6,60.8,75.72811059907833,3.0
2026-07-04,Isaac Collins,Kansas City Royals,2500,7,55.3,65.06921944035346,-0.5
2026-07-04,Jake Cronenworth,San Diego Padres,3000,2,59.6,73.84758364312268,-1.5
2026-07-04,Steven Kwan,Cleveland Guardians,3000,9,57.5,70.44350758853288,8.0
2026-07-04,Luis Arraez,San Francisco Giants,3000,2,62.8,82.27118644067797,12.5
2026-07-04,Miguel Andujar,San Diego Padres,3000,8,53.4,65.8011049723757,-0.5
2026-07-04,Eugenio Suarez,Cincinnati Reds,3800,4,42.5,45.031104199066874,9.5
2026-07-04,Sal Frelick,Milwaukee Brewers,3000,7,56.6,74.37614678899082,-0.5
2026-07-04,Masyn Winn,St. Louis Cardinals,3600,5,44.7,51.08928571428571,-1.0
2026-07-04,Victor Bericoto,San Francisco Giants,3000,8,51.1,70.14155251141553,9.0
2026-07-04,Chase Meidroth,Chicago White Sox,3600,3,37.9,45.63448275862069,-1.0
2026-07-04,Kahlil Watson,Cleveland Guardians,2400,4,45.9,63.833333333333336,8.5
2026-07-04,Joey Bart,Atlanta Braves,3000,8,47.7,67.67670364500793,13.0
2026-07-04,Tyrone Taylor,New York Mets,2600,8,44.4,62.93284936479128,15.5
2026-07-04,Taylor Walls,Tampa Bay Rays,2900,8,28.7,31.91139240506329,6.5
2026-07-04,Josh Lowe,Los Angeles Angels,3000,5,38.0,55.0,13.5
2026-07-05,Freddie Freeman,Los Angeles Dodgers,3000,3,96.8,100.0,0.0
2026-07-05,Willson Contreras,Boston Red Sox,3000,4,95.2,100.0,19.5
2026-07-05,Mookie Betts,Los Angeles Dodgers,3000,4,95.1,100.0,2.0
2026-07-05,Gavin Sheets,San Diego Padres,3000,4,74.5,94.32909783989835,3.0
2026-07-05,Anthony Seigler,Boston Red Sox,3000,1,75.7,100.0,9.5
2026-07-05,Otto Lopez,Miami Marlins,4300,1,59.5,68.75336322869956,30.0
2026-07-05,Randy Arozarena,Seattle Mariners,5000,2,64.2,79.04842615012106,4.5
2026-07-05,Masataka Yoshida,Boston Red Sox,3000,5,69.3,98.70044052863436,11.0
2026-07-05,Ty France,San Diego Padres,3000,5,52.8,67.15,-0.5
2026-07-05,Lawrence Butler,Athletics,3000,1,49.7,62.950930626057534,10.5
2026-07-05,Alex Call,Los Angeles Dodgers,3000,6,57.3,80.45810055865923,1.0
2026-07-05,Zack Gelof,Athletics,3000,1,47.3,60.507246376811594,5.0
2026-07-05,Josh Lowe,Los Angeles Angels,3000,9,33.8,34.0,5.5
2026-07-05,Mitch Garver,Seattle Mariners,3000,7,40.8,48.267175572519086,15.5
2026-07-05,Sungmun Song,San Diego Padres,3000,8,36.5,48.0,17.0
2026-07-06,James Wood,Washington Nationals,5900,1,103.8,100.0,35.0
2026-07-06,Freddie Freeman,Los Angeles Dodgers,3000,3,95.5,100.0,3.0
2026-07-06,Ketel Marte,Arizona Diamondbacks,5100,1,91.7,100.0,9.0
2026-07-06,Nelson Velazquez,St. Louis Cardinals,3500,4,91.0,100.0,9.0
2026-07-06,Mookie Betts,Los Angeles Dodgers,3000,4,86.1,92.89673913043478,0.0
2026-07-06,Francisco Lindor,New York Mets,4200,4,86.7,100.0,-0.5
2026-07-06,Hunter Goodman,Colorado Rockies,5200,3,60.9,52.06896551724138,3.0
2026-07-06,Garrett Mitchell,Milwaukee Brewers,3100,6,84.0,100.0,9.5
2026-07-06,Dalton Rushing,Los Angeles Dodgers,3000,9,71.2,79.0,18.5
2026-07-06,Aj Ewing,New York Mets,3300,1,78.8,100.0,0.5
2026-07-06,Tj Rumfield,Colorado Rockies,4100,4,55.8,60.951945080091534,-0.5
2026-07-06,Gavin Sheets,San Diego Padres,3000,4,63.9,79.6923076923077,2.5
2026-07-06,Jake Mccarthy,Colorado Rockies,3900,7,51.7,56.10982658959537,9.0
2026-07-06,Heliot Ramos,San Francisco Giants,3000,1,47.6,48.920529801324506,43.5
2026-07-06,Mauricio Dubon,Atlanta Braves,3000,5,57.9,69.45502645502646,4.5
2026-07-06,Rafael Devers,San Francisco Giants,3000,4,49.6,53.37800252844501,8.0
2026-07-06,Isaac Paredes,Houston Astros,3700,3,66.6,88.66536964980546,3.5
2026-07-06,Victor Bericoto,San Francisco Giants,3000,8,39.3,36.763440860215056,19.0
2026-07-06,Sal Frelick,Milwaukee Brewers,3000,7,39.5,46.6801872074883,6.0
2026-07-06,Sungmun Song,San Diego Padres,3000,8,43.0,57.0,0.0
2026-07-06,David Hamilton,Milwaukee Brewers,2700,9,35.2,42.73584905660377,11.5
2026-07-06,Chandler Simpson,Tampa Bay Rays,3800,6,33.7,40.64596273291925,5.0
2026-07-06,Taylor Walls,Tampa Bay Rays,2900,9,23.5,26.793650793650798,-1.0
2026-07-07,James Wood,Washington Nationals,6200,1,116.7,100.0,20.5
2026-07-07,Juan Soto,New York Mets,5800,2,110.0,100.0,17.5
2026-07-07,Willson Contreras,Boston Red Sox,4900,4,105.1,100.0,15.5
2026-07-07,Miguel Vargas,Chicago White Sox,4400,1,105.0,100.0,1.5
2026-07-07,Ketel Marte,Arizona Diamondbacks,5000,1,95.9,100.0,7.0
2026-07-07,Pete Crowarmstrong,Chicago Cubs,6400,1,94.8,100.0,7.5
2026-07-07,Kyle Tucker,Los Angeles Dodgers,4800,6,88.3,100.0,-0.5
2026-07-07,Hunter Goodman,Colorado Rockies,5300,3,65.4,67.19119351100811,0.0
2026-07-07,Heliot Ramos,San Francisco Giants,3500,1,64.1,65.5210918114144,9.5
2026-07-07,Xavier Edwards,Miami Marlins,4100,4,80.2,100.0,4.0
2026-07-07,Michael Conforto,Chicago Cubs,3500,7,79.4,98.99163679808841,2.5
2026-07-07,Esmerlyn Valdez,Pittsburgh Pirates,3000,4,79.8,100.0,10.5
2026-07-07,Rafael Devers,San Francisco Giants,3700,4,59.2,60.911392405063296,5.0
2026-07-07,Otto Lopez,Miami Marlins,4300,3,78.2,100.0,3.0
2026-07-07,Cam Smith,Houston Astros,3000,5,68.7,84.12023460410558,4.0
2026-07-07,Josh Bell,Minnesota Twins,2600,3,72.9,93.48303934871099,10.0
2026-07-07,Nick Gonzales,Pittsburgh Pirates,3000,6,76.2,100.0,8.0
2026-07-07,Tyler Stephenson,Cincinnati Reds,3000,7,68.5,86.5232558139535,1.5
2026-07-07,Kyle Stowers,Miami Marlins,3900,2,72.2,96.23308270676692,0.5
2026-07-07,Steven Kwan,Cleveland Guardians,3200,9,53.3,59.0924092409241,0.0
2026-07-07,Gavin Sheets,San Diego Padres,3200,5,63.0,79.04516129032258,4.0
2026-07-07,Jake Mccarthy,Colorado Rockies,4100,5,49.9,53.46109175377468,5.5
2026-07-07,Dansby Swanson,Chicago Cubs,3600,8,65.5,85.0,10.0
2026-07-07,Samuel Basallo,Baltimore Orioles,3500,6,58.1,70.8555133079848,4.5
2026-07-07,Kerry Carpenter,Detroit Tigers,3000,5,64.7,85.83715012722647,1.0
2026-07-07,Randy Arozarena,Seattle Mariners,5100,2,66.4,90.54799513973269,12.0
2026-07-07,Isaac Collins,Kansas City Royals,2700,7,64.5,87.06976744186046,17.0
2026-07-07,Masyn Winn,St. Louis Cardinals,3500,6,69.1,96.3731343283582,-0.5
2026-07-07,Isaac Paredes,Houston Astros,3000,3,51.0,61.53543307086614,2.0
2026-07-07,Mauricio Dubon,Atlanta Braves,3200,5,46.8,53.11920529801324,9.5
2026-07-07,Richie Palacios,Tampa Bay Rays,3400,8,44.0,49.21686746987952,14.0
2026-07-07,Josh Smith,Texas Rangers,2000,2,64.2,90.68982229402262,4.5
2026-07-07,Ezequiel Tovar,Colorado Rockies,3900,7,45.8,53.84422110552764,-0.5
2026-07-07,Joe Mack,Miami Marlins,2800,8,60.9,84.69354838709677,2.0
2026-07-07,Luke Keaschall,Minnesota Twins,3000,8,51.2,65.42105263157895,6.0
2026-07-07,Brett Baty,New York Mets,2700,8,44.5,55.09317803660565,9.0
2026-07-07,Spencer Torkelson,Detroit Tigers,3000,7,52.6,73.06896551724138,4.0
2026-07-07,Josh Lowe,Los Angeles Angels,2200,5,38.1,45.774193548387096,5.0
2026-07-07,Sungmun Song,San Diego Padres,2600,9,41.0,52.0,0.0
2026-07-07,Justin Crawford,Philadelphia Phillies,3200,9,32.9,36.19440124416796,12.5
2026-07-07,Chandler Simpson,Tampa Bay Rays,3500,5,36.8,45.79503105590062,0.0
2026-07-07,Keibert Ruiz,Washington Nationals,3800,5,40.2,52.91326530612245,-0.5
2026-07-07,Daniel Schneemann,Cleveland Guardians,2600,7,31.3,37.3524720893142,-0.5
2026-07-07,Tj Friedl,Cincinnati Reds,3000,8,34.4,43.99250936329588,-1.5
2026-07-07,Zach Dezenzo,Houston Astros,3000,6,36.7,49.347245409015024,12.5
2026-07-07,Colby Thomas,Athletics,2800,1,34.0,45.00153609831029,-1.0
2026-07-07,Taylor Walls,Tampa Bay Rays,2700,7,29.0,36.31189710610933,4.5
2026-07-08,Juan Soto,New York Mets,5800,2,112.9,100.0,3.5
2026-07-08,James Wood,Washington Nationals,6200,1,104.6,100.0,14.5
2026-07-08,Ketel Marte,Arizona Diamondbacks,5000,1,99.0,100.0,3.0
2026-07-08,Nelson Velazquez,St. Louis Cardinals,3400,4,88.8,91.86343612334802,-1.0
2026-07-08,Jordan Walker,St. Louis Cardinals,5200,3,89.0,100.0,19.0
2026-07-08,Willson Contreras,Boston Red Sox,4900,4,87.7,100.0,0.0
2026-07-08,Pete Crowarmstrong,Chicago Cubs,6400,1,84.5,96.0,31.0
2026-07-08,Heriberto Hernandez,Miami Marlins,3500,6,86.2,100.0,4.0
2026-07-08,Cole Carrigg,Colorado Rockies,3300,3,84.7,100.0,1.5
2026-07-08,Trevor Larnach,Minnesota Twins,3700,1,77.5,89.46674727932286,-0.5
2026-07-08,Edouard Julien,Colorado Rockies,3400,7,76.7,91.51724137931035,13.5
2026-07-08,Kyle Tucker,Los Angeles Dodgers,4800,7,80.8,99.90971272229822,7.0
2026-07-08,Otto Lopez,Miami Marlins,4300,2,71.8,86.29133858267717,9.5
2026-07-08,Nick Gonzales,Pittsburgh Pirates,3000,6,78.0,100.0,1.0
2026-07-08,Garrett Mitchell,Milwaukee Brewers,3300,5,77.8,100.0,9.5
2026-07-08,Josh Bell,Minnesota Twins,2600,4,60.6,68.16666666666666,4.5
2026-07-08,Cam Smith,Houston Astros,3000,5,54.7,58.54437869822485,-1.0
2026-07-08,Mauricio Dubon,Atlanta Braves,3200,5,60.1,70.54270696452036,-0.5
2026-07-08,Jake Mccarthy,Colorado Rockies,4100,1,65.9,84.62777129521587,5.0
2026-07-08,Ben Malgeri,Detroit Tigers,3000,7,58.0,69.78477690288713,-1.0
2026-07-08,Masataka Yoshida,Boston Red Sox,3000,5,58.4,72.51793400286944,4.0
2026-07-08,Michael Conforto,Chicago Cubs,3500,7,59.4,75.23751522533496,13.5
2026-07-08,Isaac Collins,Kansas City Royals,2700,8,60.6,78.0,2.5
2026-07-08,Esmerlyn Valdez,Pittsburgh Pirates,3000,4,53.9,65.86459378134404,-1.5
2026-07-08,Elias Diaz,Texas Rangers,2700,8,59.8,79.2636815920398,-1.0
2026-07-08,Luke Keaschall,Minnesota Twins,3000,7,39.1,40.0,12.5
2026-07-08,Jonny Deluca,Tampa Bay Rays,3700,5,45.3,53.80474934036939,-0.5
2026-07-08,Dansby Swanson,Chicago Cubs,3600,9,50.0,64.0,4.5
2026-07-08,Joe Mack,Miami Marlins,2800,8,44.1,53.05729877216916,-0.5
2026-07-08,Josh Smith,Texas Rangers,2000,2,60.1,85.22950819672131,2.0
2026-07-08,Masyn Winn,St. Louis Cardinals,3500,1,48.8,62.52567975830816,6.5
2026-07-08,Nick Loftin,Kansas City Royals,2900,7,52.2,70.62402088772846,7.0
2026-07-08,Brett Baty,New York Mets,2700,8,45.2,58.083056478405325,8.5
2026-07-08,Sungmun Song,San Diego Padres,2600,9,34.0,36.0,16.0
2026-07-08,David Fry,Cleveland Guardians,3100,1,37.1,42.48241912798875,-1.0
2026-07-08,Jose Tena,Washington Nationals,2700,8,57.2,83.0,1.5
2026-07-08,Alex Bregman,Chicago Cubs,4000,2,44.6,59.177842565597665,2.0
2026-07-08,Chandler Simpson,Tampa Bay Rays,3500,6,39.6,50.51090342679127,8.0
2026-07-08,Josh Lowe,Los Angeles Angels,2200,9,33.6,38.919093851132686,9.0
2026-07-08,Gabriel Arias,Cleveland Guardians,2200,6,28.8,30.815709969788514,-0.5
2026-07-08,Justin Crawford,Philadelphia Phillies,3200,7,39.9,53.0,21.5
2026-07-08,Lourdes Gurriel,Arizona Diamondbacks,2900,6,38.2,49.924914675767916,4.5
2026-07-08,Jahmai Jones,Detroit Tigers,3000,8,43.0,59.630630630630634,-0.5
2026-07-08,Brice Matthews,Houston Astros,3000,7,34.8,54.99490662139219,9.5
2026-07-09,Mike Trout,Los Angeles Angels,5000,2,102.2,100.0,3.0
2026-07-09,Ketel Marte,Arizona Diamondbacks,5000,1,94.3,100.0,-0.5
2026-07-09,Cooper Pratt,Milwaukee Brewers,2900,8,92.2,100.0,9.5
2026-07-09,Jordan Walker,St. Louis Cardinals,5200,4,92.2,100.0,17.0
2026-07-09,Garrett Mitchell,Milwaukee Brewers,3300,1,84.7,100.0,4.0
2026-07-09,Riley Greene,Detroit Tigers,3000,4,83.6,99.99763872491145,-1.0
2026-07-09,Luis Campusano,San Diego Padres,2900,7,76.6,87.10176125244618,4.0
2026-07-09,Randy Arozarena,Seattle Mariners,5100,2,79.2,98.42648845686513,20.0
2026-07-09,Kyle Karros,Colorado Rockies,2700,2,78.7,99.17955112219451,1.5
2026-07-09,Rafael Devers,San Francisco Giants,3700,4,64.1,72.56449553001278,15.5
2026-07-09,Otto Lopez,Miami Marlins,4300,2,71.4,88.32286995515695,18.0
2026-07-09,Heriberto Hernandez,Miami Marlins,3500,5,76.0,100.0,2.0
2026-07-09,Jake Mccarthy,Colorado Rockies,4100,1,66.2,84.1588785046729,1.0
2026-07-09,Victor Bericoto,San Francisco Giants,2200,7,52.9,60.328903654485046,-1.0
2026-07-09,Alejandro Osuna,Texas Rangers,2400,9,40.7,43.6979969183359,6.5
2026-07-09,Sungmun Song,San Diego Padres,2600,9,42.0,52.0,-1.0
2026-07-09,Leo Jimenez,Miami Marlins,2100,9,38.3,44.90459363957598,10.0
2026-07-09,Josh Lowe,Los Angeles Angels,2200,6,35.2,40.19292604501608,-1.0
2026-07-09,Colby Thomas,Athletics,2800,1,37.2,47.34796238244514,-0.5
2026-07-09,Justin Crawford,Philadelphia Phillies,3200,9,39.7,52.91251885369533,5.0
2026-07-09,Lourdes Gurriel,Arizona Diamondbacks,2900,6,43.7,63.47169811320755,3.0
2026-07-17,Ben Rice,New York Yankees,5900,2,115.0,100.0,8.0
2026-07-17,James Wood,Washington Nationals,6200,1,109.0,100.0,11.0
2026-07-17,Elly De La Cruz,Cincinnati Reds,3000,1,81.4,80.81168057210965,25.0
2026-07-17,Jonathan Aranda,Tampa Bay Rays,4100,2,90.2,100.0,-1.0
2026-07-17,Cooper Pratt,Milwaukee Brewers,2900,7,81.2,85.94736842105263,-0.5
2026-07-17,Sal Stewart,Cincinnati Reds,3000,2,77.7,82.01970443349754,10.5
2026-07-17,Spencer Steer,Cincinnati Reds,3000,4,75.9,78.84779706275033,29.5
2026-07-17,Seiya Suzuki,Chicago Cubs,4600,2,73.8,75.0110974106042,8.5
2026-07-17,Kazuma Okamoto,Toronto Blue Jays,3400,3,76.4,83.60406091370558,4.0
2026-07-17,Luis Campusano,San Diego Padres,2900,9,76.3,83.48447204968944,2.0
2026-07-17,Curtis Mead,Washington Nationals,5000,2,84.3,100.0,31.5
2026-07-17,Taylor Ward,Baltimore Orioles,4600,3,78.2,88.33780160857908,17.5
2026-07-17,Randy Arozarena,Seattle Mariners,5100,2,77.7,93.41050119331742,-0.5
2026-07-17,Manny Machado,San Diego Padres,3900,4,73.3,84.72316384180792,2.0
2026-07-17,Casey Schmitt,San Francisco Giants,4300,3,67.3,75.87577639751552,12.5
2026-07-17,Brice Turang,Milwaukee Brewers,5500,3,72.2,86.42857142857143,1.5
2026-07-17,Jackson Holliday,Baltimore Orioles,3300,9,57.4,58.997150997150996,2.5
2026-07-17,Rafael Devers,San Francisco Giants,3700,4,52.9,56.255639097744364,-1.5
2026-07-17,Jo Adell,Los Angeles Angels,3600,6,54.3,59.113702623906704,-1.0
2026-07-17,Isaac Collins,Kansas City Royals,2700,9,54.0,61.728813559322035,4.5
2026-07-17,Andrew Benintendi,Chicago White Sox,3100,5,52.4,58.986301369863014,4.5
2026-07-17,Alex Bregman,Chicago Cubs,4000,4,57.6,70.97122302158273,1.0
2026-07-17,Nick Loftin,Kansas City Royals,2900,8,55.8,68.54472630173565,4.5
2026-07-17,Ty France,San Diego Padres,2800,6,59.9,79.58895705521472,17.5
2026-07-17,Dylan Beavers,Baltimore Orioles,2700,6,49.4,59.312406576980564,-1.5
2026-07-17,Joey Ortiz,Milwaukee Brewers,2100,9,42.7,47.778523489932894,22.0
2026-07-17,Coby Mayo,Baltimore Orioles,3300,8,45.5,54.138088012139605,9.0
2026-07-17,Michael Massey,Kansas City Royals,3500,7,50.4,64.07202216066482,14.5
2026-07-17,Jake Cronenworth,San Diego Padres,2000,7,51.6,67.43462897526501,1.5
2026-07-17,Caleb Durbin,Boston Red Sox,2900,6,53.1,71.24034334763948,6.0
2026-07-17,Miguel Andujar,San Diego Padres,3000,8,45.6,57.19332406119611,21.0
2026-07-17,Jim Jarvis,Atlanta Braves,2000,8,48.7,65.67088607594937,13.5
2026-07-17,Jasson Dominguez,New York Yankees,3400,5,54.8,78.75366568914956,6.5
2026-07-17,Ernie Clement,Toronto Blue Jays,3000,1,48.3,68.57123834886818,9.0
2026-07-17,Christian Vazquez,Houston Astros,3000,9,31.1,36.77669902912621,-0.5
2026-07-17,Alejandro Kirk,Toronto Blue Jays,3300,5,40.5,56.027210884353735,6.5
2026-07-17,Tristan Gray,Minnesota Twins,2400,9,33.0,43.63829787234043,1.5
2026-07-18,Yordan Alvarez,Houston Astros,3000,2,98.6,93.10328638497653,8.5
2026-07-18,Drake Baldwin,Atlanta Braves,5100,1,84.8,94.6318407960199,8.0
2026-07-18,Casey Schmitt,San Francisco Giants,4300,3,73.7,78.53416149068323,1.5
2026-07-18,Taylor Ward,Baltimore Orioles,4600,3,72.1,83.05882352941177,3.5
2026-07-18,Jackson Holliday,Baltimore Orioles,3300,9,55.6,58.78459343794579,1.0
2026-07-18,Victor Mesa,Tampa Bay Rays,3000,7,61.4,74.0,14.0
2026-07-18,Leo Jimenez,Miami Marlins,2100,7,57.2,68.6474358974359,13.0
2026-07-18,Jose Tena,Washington Nationals,2700,3,70.1,100.0,1.5
2026-07-18,Caleb Durbin,Boston Red Sox,2900,6,45.7,54.12068965517241,-1.0
2026-07-18,Andruw Monasterio,Boston Red Sox,2400,7,49.3,61.435261707988985,16.0
2026-07-18,Jake Mangum,Pittsburgh Pirates,3000,1,45.7,57.79918588873813,2.5
2026-07-18,Joey Ortiz,Milwaukee Brewers,2100,9,39.9,46.666666666666664,10.5
2026-07-18,Jim Jarvis,Atlanta Braves,2000,9,36.1,41.94660194174757,6.5
2026-07-18,Chandler Simpson,Tampa Bay Rays,3500,5,42.2,54.94063926940639,16.5
2026-07-18,Carlos Narvaez,Boston Red Sox,2100,9,35.0,41.357142857142854,-1.0
2026-07-18,Jacob Wilson,Athletics,3700,1,45.1,62.25356125356125,25.5
2026-07-18,Yainer Diaz,Houston Astros,3000,6,40.4,59.845238095238095,-0.5
2026-07-19,Yordan Alvarez,Houston Astros,3000,1,118.0,96.10328638497653,6.5
2026-07-19,Ben Rice,New York Yankees,5900,2,116.5,99.27926078028747,2.5
2026-07-19,Elly De La Cruz,Cincinnati Reds,3000,1,97.7,100.0,9.0
2026-07-19,Andres Chaparro,Washington Nationals,2000,1,95.3,100.0,1.5
2026-07-19,Trent Grisham,New York Yankees,4100,1,88.0,88.53236459709379,0.0
2026-07-19,Joc Pederson,Texas Rangers,3200,1,92.7,100.0,9.5
2026-07-19,Griffin Conine,Miami Marlins,3200,7,91.2,99.05919661733616,1.5
2026-07-19,Drake Baldwin,Atlanta Braves,5100,1,91.4,99.6318407960199,44.0
2026-07-19,Jonathan Aranda,Tampa Bay Rays,4100,2,91.2,100.0,4.0
2026-07-19,Bryce Eldridge,San Francisco Giants,3400,1,82.6,84.77580071174377,20.0
2026-07-19,Spencer Steer,Cincinnati Reds,3000,4,83.3,97.1038961038961,-0.5
2026-07-19,Taylor Ward,Baltimore Orioles,4600,2,84.0,100.0,8.0
2026-07-19,Nathaniel Lowe,Cincinnati Reds,3000,5,72.2,81.00499375780275,17.0
2026-07-19,Wilyer Abreu,Boston Red Sox,4400,3,80.4,100.0,4.0
2026-07-19,Cody Bellinger,New York Yankees,4900,4,63.8,71.34469200524246,9.5
2026-07-19,Seiya Suzuki,Chicago Cubs,4600,2,63.7,73.50855745721272,13.0
2026-07-19,Manny Machado,San Diego Padres,3900,3,61.8,69.97994269340974,8.0
2026-07-19,Ty France,San Diego Padres,2800,4,68.8,83.99882214369848,34.0
2026-07-19,Victor Mesa,Tampa Bay Rays,3000,6,66.0,79.0,13.5
2026-07-19,Leo Jimenez,Miami Marlins,2100,6,60.7,69.6474358974359,-0.5
2026-07-19,Nolan Schanuel,Los Angeles Angels,3400,1,58.8,66.6607869742198,9.0
2026-07-19,Nick Gonzales,Pittsburgh Pirates,3000,6,62.0,73.70984455958549,13.0
2026-07-19,Victor Caratini,Minnesota Twins,3000,5,48.5,49.48930099857347,3.0
2026-07-19,Cole Young,Seattle Mariners,3200,1,56.3,65.94389901823283,20.5
2026-07-19,Chase Delauter,Cleveland Guardians,3500,3,62.9,80.47837150127226,6.5
2026-07-19,Andrew Benintendi,Chicago White Sox,3100,5,53.0,60.90784044016506,11.0
2026-07-19,Wade Meckler,Los Angeles Angels,3200,1,51.9,59.251588310038116,0.0
2026-07-19,Tristan Peters,Chicago White Sox,2700,8,51.9,60.31211750305998,-1.5
2026-07-19,Billy Cook,Pittsburgh Pirates,3000,9,51.1,59.5633423180593,26.5
2026-07-19,Andruw Monasterio,Boston Red Sox,2400,7,64.8,88.0,8.5
2026-07-19,Brett Baty,New York Mets,2700,8,54.1,67.66773162939297,5.0
2026-07-19,Jasson Dominguez,New York Yankees,3400,3,48.9,59.401459854014604,2.0
2026-07-19,Jt Realmuto,Philadelphia Phillies,3600,7,44.7,52.0,2.5
2026-07-19,Tj Rumfield,Colorado Rockies,4400,4,53.4,69.62370540851553,-1.0
2026-07-19,Braden Montgomery,Chicago White Sox,3200,6,48.6,60.33850493653033,7.5
2026-07-19,Yainer Diaz,Houston Astros,3000,1,49.6,62.778443113772454,2.5
2026-07-19,Jacob Young,Washington Nationals,3200,1,62.0,87.54992319508449,15.0
2026-07-19,Joey Ortiz,Milwaukee Brewers,2100,9,47.9,60.66666666666666,1.5
2026-07-19,Tim Tawa,Arizona Diamondbacks,2500,1,47.7,60.78409090909091,0.0
2026-07-19,Willy Adames,San Francisco Giants,3300,1,38.3,42.528089887640455,3.0
2026-07-19,Chandler Simpson,Tampa Bay Rays,3500,5,47.5,63.01526717557252,8.0
2026-07-19,Jim Jarvis,Atlanta Braves,2000,8,46.9,61.94660194174757,-0.5
2026-07-19,Jahmai Jones,Boston Red Sox,3000,1,55.9,80.95850622406638,6.5
2026-07-19,Jake Mangum,Pittsburgh Pirates,3000,1,45.1,59.46238030095759,7.0
2026-07-19,Trea Turner,Philadelphia Phillies,5400,1,41.9,53.6500754147813,6.0
2026-07-19,Lamonte Wade,Houston Astros,3000,1,39.7,49.47747747747748,1.5
2026-07-19,Tj Friedl,Cincinnati Reds,3000,8,37.2,48.36190476190476,2.0
2026-07-19,Patrick Bailey,Cleveland Guardians,2200,8,37.8,52.3828125,-1.0
2026-07-20,Yordan Alvarez,Houston Astros,3000,2,109.0,100.0,30.5
2026-07-20,Ben Rice,New York Yankees,5900,2,108.2,100.0,6.5
2026-07-20,Andres Chaparro,Washington Nationals,2000,3,102.5,100.0,18.0
2026-07-20,Drake Baldwin,Atlanta Braves,5100,1,95.0,100.0,-1.0
2026-07-20,Jac Caglianone,Kansas City Royals,4600,3,89.2,93.34343434343434,-0.5
2026-07-20,Fernando Tatis,San Diego Padres,4500,1,90.5,100.0,2.0
2026-07-20,Joc Pederson,Texas Rangers,3200,1,90.4,100.0,13.0
2026-07-20,Elly De La Cruz,Cincinnati Reds,3000,1,86.5,92.9359720605355,6.5
2026-07-20,Wilyer Abreu,Boston Red Sox,4400,3,88.7,97.43396226415094,13.5
2026-07-20,Seiya Suzuki,Chicago Cubs,4600,2,78.8,87.24939467312349,17.0
2026-07-20,Dane Myers,Cincinnati Reds,3000,7,73.8,80.07894736842105,7.5
2026-07-20,Taylor Ward,Baltimore Orioles,4600,1,81.3,96.77540106951872,6.5
2026-07-20,Lars Nootbaar,St. Louis Cardinals,3900,5,76.3,88.44890038809832,4.5
2026-07-20,Royce Lewis,Minnesota Twins,3600,5,79.7,95.98550724637681,6.5
2026-07-20,Francisco Lindor,New York Mets,4400,4,79.3,100.0,4.5
2026-07-20,Jp Crawford,Seattle Mariners,3600,1,68.6,79.0,0.0
2026-07-20,Trevor Larnach,Minnesota Twins,3700,1,70.8,86.36674816625917,9.0
2026-07-20,Spencer Steer,Cincinnati Reds,3000,4,63.6,72.29512516469038,1.5
2026-07-20,Cole Young,Seattle Mariners,3200,7,60.1,66.29281767955801,2.0
2026-07-20,Tyler Stephenson,Cincinnati Reds,3000,6,58.8,63.739251040221916,-0.5
2026-07-20,Jackson Merrill,San Diego Padres,3900,2,72.2,91.0,-1.0
2026-07-20,Nolan Schanuel,Los Angeles Angels,3400,3,76.5,99.67204301075269,8.0
2026-07-20,Victor Mesa,Tampa Bay Rays,3000,6,65.3,79.0,13.0
2026-07-20,Ty France,San Diego Padres,2800,4,75.8,100.0,16.5
2026-07-20,Masataka Yoshida,Boston Red Sox,3000,5,62.5,77.6236559139785,2.5
2026-07-20,Josh Naylor,Seattle Mariners,4700,6,55.5,65.63934426229508,3.0
2026-07-20,Wyatt Langford,Texas Rangers,4000,2,61.9,78.69856459330144,7.5
2026-07-20,Ryan Mcmahon,New York Yankees,2400,7,54.1,63.22054380664653,4.5
2026-07-20,Steven Kwan,Cleveland Guardians,3200,1,67.6,90.78125,4.0
2026-07-20,Pedro Ramirez,Chicago Cubs,2200,7,59.0,75.50977835723599,4.0
2026-07-20,Francisco Alvarez,New York Mets,3000,9,59.0,76.42297650130548,6.5
2026-07-20,Andrew Benintendi,Chicago White Sox,3100,5,56.2,72.01091405184175,11.0
2026-07-20,Evan Carter,Texas Rangers,3000,7,57.5,74.71604938271605,5.0
2026-07-20,Austin Riley,Atlanta Braves,3500,4,63.4,87.08523592085236,2.0
2026-07-20,Jacob Young,Washington Nationals,3200,6,67.5,96.62691131498471,20.0
2026-07-20,Jt Realmuto,Philadelphia Phillies,3600,7,51.0,64.0,4.5
2026-07-20,Tristan Peters,Chicago White Sox,2700,8,56.0,74.22180916976455,6.5
2026-07-20,Jacob Wilson,Athletics,3700,1,55.1,73.57123098201936,17.0
2026-07-20,Jake Mccarthy,Colorado Rockies,4100,1,58.2,79.93023255813954,8.0
2026-07-20,Braden Montgomery,Chicago White Sox,3200,7,51.2,66.36578581363004,9.0
2026-07-20,Tim Tawa,Arizona Diamondbacks,2500,3,65.0,95.0,-0.5
2026-07-20,Alejandro Kirk,Toronto Blue Jays,3300,7,48.4,62.118530884808024,5.0
2026-07-20,Yainer Diaz,Houston Astros,3000,6,53.8,73.30827067669173,4.5
2026-07-20,Sungmun Song,San Diego Padres,2600,9,46.5,59.0,-0.5
2026-07-20,Richie Palacios,Tampa Bay Rays,3400,7,43.9,53.9208211143695,-1.5
2026-07-20,Joey Ortiz,Milwaukee Brewers,2100,9,56.0,78.55284552845528,17.0
2026-07-20,Chandler Simpson,Tampa Bay Rays,3500,5,44.7,58.09365558912387,9.5
2026-07-20,Freddy Fermin,San Diego Padres,2100,8,49.7,72.30975143403441,2.5
2026-07-20,Trea Turner,Philadelphia Phillies,5400,1,47.7,69.22638680659671,38.0
2026-07-20,Austin Wells,New York Yankees,2500,8,48.0,70.9800796812749,6.0
2026-07-20,Brett Baty,New York Mets,2700,8,49.7,75.04501607717042,-1.5
2026-07-21,Yordan Alvarez,Houston Astros,3000,2,108.8,100.0,7.5
2026-07-21,Byron Buxton,Minnesota Twins,5900,2,92.8,100.0,3.0
2026-07-21,Curtis Mead,Washington Nationals,5000,5,92.1,100.0,-1.5
2026-07-21,Elly De La Cruz,Cincinnati Reds,3000,1,91.2,98.32318501170961,16.0
2026-07-21,Fernando Tatis,San Diego Padres,4500,1,90.2,100.0,27.5
2026-07-21,Drake Baldwin,Atlanta Braves,5100,1,88.2,100.0,6.0
2026-07-21,Seiya Suzuki,Chicago Cubs,4600,2,80.4,96.1140456182473,11.5
2026-07-21,Chase Delauter,Cleveland Guardians,3500,3,77.4,98.64764267990074,5.5
2026-07-21,Royce Lewis,Minnesota Twins,3600,5,77.7,100.0,2.0
2026-07-21,Nolan Schanuel,Los Angeles Angels,3400,3,74.3,94.58510638297872,8.5
2026-07-21,Lane Thomas,Kansas City Royals,3300,2,76.0,98.48293963254594,-1.0
2026-07-21,Nathaniel Lowe,Cincinnati Reds,3000,5,64.8,76.13895781637717,14.0
2026-07-21,Ty France,San Diego Padres,2800,4,71.6,90.0,8.5
2026-07-21,Garrett Mitchell,Milwaukee Brewers,3300,5,59.3,66.37695078031213,0.0
2026-07-21,Steven Kwan,Cleveland Guardians,3200,1,71.8,92.81004709576138,13.0
2026-07-21,Jesus Rodriguez,San Francisco Giants,2300,7,68.1,86.6854724964739,6.5
2026-07-21,Jacob Young,Washington Nationals,3200,9,64.3,82.28402366863905,-1.0
2026-07-21,Andrew Benintendi,Chicago White Sox,3100,5,58.4,73.59023066485753,-0.5
2026-07-21,Isaac Paredes,Houston Astros,3000,3,57.2,71.53246753246754,21.0
2026-07-21,Nolan Arenado,Arizona Diamondbacks,3300,6,67.1,93.13513513513513,4.0
2026-07-21,Jose Tena,Washington Nationals,2700,3,58.1,75.47124824684431,7.0
2026-07-21,Austin Riley,Atlanta Braves,3500,4,63.0,86.0,-1.0
2026-07-21,Willi Castro,Colorado Rockies,4300,4,57.7,76.87431693989072,6.5
2026-07-21,Cole Young,Seattle Mariners,3200,1,52.9,68.44444444444444,0.0
2026-07-21,Max Muncy,Athletics,3500,1,46.0,55.181688125894134,-1.0
2026-07-21,Jacob Wilson,Athletics,3700,1,45.7,54.704607046070464,18.0
2026-07-21,Luke Keaschall,Minnesota Twins,3000,8,57.8,82.01709401709402,-1.0
2026-07-21,Jorge Barrosa,Arizona Diamondbacks,2400,9,53.4,76.016155088853,4.5
2026-07-21,Jake Cronenworth,San Diego Padres,2000,2,47.8,65.5667870036101,6.0
2026-07-21,Haoyu Lee,Detroit Tigers,3000,3,53.1,78.0,5.0
2026-07-21,Jt Realmuto,Philadelphia Phillies,3600,6,48.4,69.0,4.0
2026-07-21,Alex Call,Los Angeles Dodgers,3000,8,40.1,53.130434782608695,-0.5
2026-07-21,Braden Montgomery,Chicago White Sox,3200,4,50.9,74.82758620689656,0.0
2026-07-21,Taylor Walls,Tampa Bay Rays,2700,8,29.6,32.337683523654164,1.0
2026-07-21,Christian Vazquez,Houston Astros,3000,9,36.4,46.02945990180033,-1.0
2026-07-21,Victor Robles,Seattle Mariners,2500,7,37.6,48.51351351351351,3.0
2026-07-21,Tj Friedl,Cincinnati Reds,3000,8,30.6,38.77735124760076,6.0
2026-07-22,Yordan Alvarez,Houston Astros,3000,2,107.2,97.80481036077705,19.0
2026-07-22,Drake Baldwin,Atlanta Braves,5100,1,93.4,100.0,14.0
2026-07-22,Fernando Tatis,San Diego Padres,4500,1,91.7,100.0,17.5
2026-07-22,Michael Harris,Atlanta Braves,4200,4,88.8,98.81818181818181,1.5
2026-07-22,Wilyer Abreu,Boston Red Sox,4400,3,84.6,98.05555555555556,-1.0
2026-07-22,Chase Delauter,Cleveland Guardians,3500,3,76.7,93.32178217821782,3.0
2026-07-22,Manny Machado,San Diego Padres,3900,3,76.1,92.64786795048143,1.0
2026-07-22,Ty France,San Diego Padres,2800,4,76.2,100.0,-1.0
2026-07-22,Billy Cook,Pittsburgh Pirates,3000,9,66.8,82.0,-1.0
2026-07-22,Seiya Suzuki,Chicago Cubs,4600,2,66.5,83.86057692307692,13.0
2026-07-22,Steven Kwan,Cleveland Guardians,3200,1,65.6,84.0,9.0
2026-07-22,Isaac Paredes,Houston Astros,3000,3,55.0,64.3764404609475,17.0
2026-07-22,Alejandro Osuna,Texas Rangers,2400,8,63.9,83.85714285714286,2.5
2026-07-22,Wyatt Langford,Texas Rangers,4000,1,66.9,93.47641509433963,1.5
2026-07-22,Michael Conforto,Chicago Cubs,3500,7,50.8,62.368932038834956,-1.5
2026-07-22,Braden Montgomery,Chicago White Sox,3200,5,54.9,70.50142450142451,11.0
2026-07-22,Andruw Monasterio,Boston Red Sox,2400,8,57.0,75.0,6.0
2026-07-22,Luis Rengifo,San Diego Padres,2700,2,61.7,87.0,15.5
2026-07-22,Marcell Ozuna,Pittsburgh Pirates,3000,6,52.4,68.92393026941363,-1.0
2026-07-22,George Springer,Toronto Blue Jays,3700,4,51.7,68.82857142857144,1.5
2026-07-22,Austin Riley,Atlanta Braves,3500,5,52.6,72.40215716486902,6.5
2026-07-22,Patrick Bailey,Cleveland Guardians,2200,8,49.0,65.3682310469314,9.0
2026-07-22,Chandler Simpson,Tampa Bay Rays,3500,5,49.3,67.76331360946745,19.0
2026-07-22,Jase Bowen,San Diego Padres,2400,9,52.1,74.0,-1.0
2026-07-22,Alejandro Kirk,Toronto Blue Jays,3300,6,44.1,58.78787878787878,17.0
2026-07-22,Petey Halpin,Cleveland Guardians,2600,9,41.1,55.0,10.0
2026-07-22,Caleb Durbin,Boston Red Sox,2900,6,42.1,57.330484330484325,2.0
2026-07-23,Gabriel Moreno,Arizona Diamondbacks,3900,3,83.7,90.42788461538461,17.0
2026-07-23,Vinnie Pasquantino,Kansas City Royals,4100,3,71.8,87.63363363363364,8.0
2026-07-23,Jimmy Crooks,St. Louis Cardinals,2400,9,54.0,63.61716171617162,3.0
2026-07-23,Spencer Torkelson,Detroit Tigers,3000,7,49.5,58.43406593406593,-1.5
2026-07-23,Max Kepler,Arizona Diamondbacks,2500,4,52.8,70.94845360824742,4.0
2026-07-23,Carter Jensen,Kansas City Royals,4200,1,37.7,54.37837837837838,6.5
2026-07-24,Willson Contreras,Boston Red Sox,4900,4,105.4,100.0,9.0
2026-07-24,Dillon Dingler,Detroit Tigers,3000,3,98.8,100.0,0.5
2026-07-24,Alec Burleson,St. Louis Cardinals,4500,3,95.3,100.0,-1.0
2026-07-24,Drake Baldwin,Atlanta Braves,5100,1,93.0,100.0,12.5
2026-07-24,Fernando Tatis,San Diego Padres,4500,1,91.8,100.0,1.0
2026-07-24,Gabriel Moreno,Arizona Diamondbacks,3900,4,90.8,100.0,7.5
2026-07-24,Andres Chaparro,Washington Nationals,2000,3,90.0,100.0,5.0
2026-07-24,Elly De La Cruz,Cincinnati Reds,3000,1,88.0,100.0,16.5
2026-07-24,Michael Harris,Atlanta Braves,4200,4,82.0,93.65227817745803,9.5
2026-07-24,Dane Myers,Cincinnati Reds,3000,8,78.2,92.66534914361002,-1.0
2026-07-24,Wilyer Abreu,Boston Red Sox,4400,3,79.5,100.0,1.0
2026-07-24,Vinnie Pasquantino,Kansas City Royals,4100,5,67.7,78.30075187969925,-2.0
2026-07-24,Manny Machado,San Diego Padres,3900,3,62.0,71.14127423822715,9.5
2026-07-24,Wade Meckler,Los Angeles Angels,3200,6,54.0,58.8671679197995,-1.0
2026-07-24,Isaac Paredes,Houston Astros,3000,3,58.1,69.42424242424242,6.0
2026-07-24,Josh Naylor,Seattle Mariners,4700,5,57.8,69.5425219941349,4.0
2026-07-24,Jimmy Crooks,St. Louis Cardinals,2400,9,63.7,81.61716171617162,5.0
2026-07-24,Andruw Monasterio,Boston Red Sox,2400,8,70.0,95.77088948787062,4.5
2026-07-24,Jacob Young,Washington Nationals,3200,6,62.5,81.0359820089955,-0.5
2026-07-24,Jackson Merrill,San Diego Padres,3900,5,59.1,75.0,1.5
2026-07-24,Masataka Yoshida,Boston Red Sox,3000,5,61.1,79.57608695652173,6.0
2026-07-24,Jeff Mcneil,Athletics,2500,1,62.1,82.51768488745981,2.0
2026-07-24,George Springer,Toronto Blue Jays,3700,4,62.2,83.49928876244665,2.0
2026-07-24,Edwin Arroyo,Cincinnati Reds,3000,9,53.5,66.47412353923205,3.0
2026-07-24,Max Kepler,Arizona Diamondbacks,2500,6,62.5,85.51362984218078,7.0
2026-07-24,Evan Carter,Texas Rangers,3000,5,47.4,59.24727838258164,4.0
2026-07-24,Alejandro Kirk,Toronto Blue Jays,3300,5,55.2,75.6875,4.5
2026-07-24,Ian Happ,Chicago Cubs,4500,5,44.7,55.311603650586704,4.0
2026-07-24,Chandler Simpson,Tampa Bay Rays,3500,6,53.6,74.78041543026706,12.0
2026-07-24,Eugenio Suarez,Cincinnati Reds,3000,4,53.7,75.26099706744867,20.5
2026-07-24,Caleb Durbin,Boston Red Sox,2900,6,50.4,69.6441893830703,1.0
2026-07-24,Chase Meidroth,Chicago White Sox,3600,8,48.7,66.67626886145405,10.5
2026-07-24,Nasim Nunez,Washington Nationals,3500,9,42.5,54.56962025316456,0.0
2026-07-24,Haoyu Lee,Detroit Tigers,3000,6,46.0,62.0,10.0
2026-07-24,Petey Halpin,Cleveland Guardians,2600,9,37.4,45.23893805309734,-0.5
2026-07-24,Jonny Deluca,Tampa Bay Rays,3700,5,42.8,57.89115646258504,15.0
2026-07-24,Joey Bart,Atlanta Braves,2700,8,33.9,42.224924012158056,9.5
2026-07-24,Carter Jensen,Kansas City Royals,4200,1,37.5,53.43301759133965,-1.5
2026-07-25,Drake Baldwin,Atlanta Braves,5100,1,101.8,100.0,2.5
2026-07-25,Michael Harris,Atlanta Braves,4200,4,92.1,93.47368421052632,4.5
2026-07-25,Elly De La Cruz,Cincinnati Reds,3000,1,88.2,100.0,4.5
2026-07-25,Fernando Tatis,San Diego Padres,4500,1,84.4,96.5421686746988,4.0
2026-07-25,Cole Young,Seattle Mariners,3200,1,63.0,74.34265734265735,0.0
2026-07-25,Jacob Gonzalez,Pittsburgh Pirates,2300,8,56.2,60.85869565217391,-0.5
2026-07-25,Steven Kwan,Cleveland Guardians,3200,1,68.0,84.595166163142,2.5
2026-07-25,Jackson Merrill,San Diego Padres,3900,5,64.8,79.0,17.0
2026-07-25,Tyler Oneill,Baltimore Orioles,2600,7,57.9,68.0,-1.0
2026-07-25,Isaac Paredes,Houston Astros,3000,3,56.4,66.47328244274809,11.5
2026-07-25,Manny Machado,San Diego Padres,3900,3,60.7,75.11602209944752,6.5
2026-07-25,Austin Wells,New York Yankees,2500,9,51.7,60.0,18.0
2026-07-25,Jeff Mcneil,Athletics,2500,1,71.2,100.0,9.5
2026-07-25,Josh Naylor,Seattle Mariners,4700,5,54.5,66.92035398230088,1.5
2026-07-25,Brett Baty,New York Mets,2700,8,47.1,52.137380191693296,4.0
2026-07-25,Edwin Arroyo,Cincinnati Reds,3000,8,56.5,72.59731543624162,-0.5
2026-07-25,Braden Montgomery,Chicago White Sox,3200,6,57.2,76.95580110497238,2.0
2026-07-25,Jacob Wilson,Athletics,3700,1,62.4,89.11186903137789,0.0
2026-07-25,Chase Meidroth,Chicago White Sox,3600,8,46.4,59.01909959072306,-0.5
2026-07-25,Chandler Simpson,Tampa Bay Rays,3500,5,53.7,74.85714285714286,5.5
2026-07-25,Christian Yelich,Milwaukee Brewers,5000,1,63.0,93.51523545706371,6.5
2026-07-25,Patrick Bailey,Cleveland Guardians,2200,8,49.5,68.0,-0.5
2026-07-25,Ian Happ,Chicago Cubs,4500,5,48.8,66.8848167539267,1.0
2026-07-25,Willi Castro,Colorado Rockies,4300,6,35.1,42.58692628650904,-1.0
2026-07-25,Eugenio Suarez,Cincinnati Reds,3000,4,48.4,72.35622317596567,-2.0
2026-07-25,Petey Halpin,Cleveland Guardians,2600,9,37.7,53.392120075046904,0.0
2026-07-26,Alec Bohm,Philadelphia Phillies,3500,5,60.1,79.31530139103555,18.0
2026-07-27,Elly De La Cruz,Cincinnati Reds,3000,1,92.5,100.0,0.0
2026-07-27,Drake Baldwin,Atlanta Braves,5100,2,89.2,100.0,2.5
2026-07-27,Gabriel Moreno,Arizona Diamondbacks,3900,3,82.8,100.0,1.0
2026-07-27,Steven Kwan,Cleveland Guardians,3200,1,64.9,81.1927162367223,0.0
2026-07-27,Isaac Paredes,Houston Astros,3000,3,64.3,82.3145780051151,4.0
2026-07-27,Lawrence Butler,Athletics,3000,1,59.5,73.38063439065108,-1.0
2026-07-27,Jeff Mcneil,Athletics,2500,1,62.0,80.0,3.0
2026-07-27,Andruw Monasterio,Boston Red Sox,2400,8,61.7,81.23489932885906,6.5
2026-07-27,Tyrone Taylor,New York Mets,2400,7,62.2,84.0,27.5
2026-07-27,George Springer,Toronto Blue Jays,3700,4,60.9,82.10578279266574,3.0
2026-07-27,Chase Meidroth,Chicago White Sox,3600,5,49.8,62.64450474898236,6.5
2026-07-27,Alejandro Kirk,Toronto Blue Jays,3300,5,52.5,68.9659969088099,1.5
2026-07-27,Patrick Bailey,Cleveland Guardians,2200,8,50.3,66.19469026548673,0.0
2026-07-27,Haoyu Lee,Detroit Tigers,3000,7,46.6,59.0,6.5
2026-07-27,Christian Yelich,Milwaukee Brewers,5000,1,51.8,71.17127071823205,-1.0
2026-07-27,Alika Williams,Athletics,3000,1,43.6,56.67403314917127,2.0
2026-07-27,Taylor Trammell,Houston Astros,3000,6,48.5,67.04651162790698,21.5
2026-07-27,Joey Bart,Atlanta Braves,2700,8,37.9,47.821114369501466,2.5
2026-07-27,Petey Halpin,Cleveland Guardians,2600,9,38.0,51.71698113207546,0.0
2026-07-28,Endy Rodriguez,Pittsburgh Pirates,3000,7,85.1,92.62369337979094,10.5
2026-07-28,Fernando Tatis,San Diego Padres,4500,1,85.2,96.37753721244925,21.0
2026-07-28,Joc Pederson,Texas Rangers,3200,1,77.2,91.56074766355141,3.5
2026-07-28,Manny Machado,San Diego Padres,3900,3,76.8,91.19891008174388,15.0
2026-07-28,Jackson Merrill,San Diego Padres,3900,5,75.8,93.0,17.5
2026-07-28,Rafael Devers,San Francisco Giants,3700,4,70.1,82.00750938673342,2.5
2026-07-28,Tyler Soderstrom,Athletics,5100,1,65.7,74.99759326113117,-1.0
2026-07-28,Jackson Holliday,Baltimore Orioles,3300,6,64.5,74.39787798408489,6.0
2026-07-28,Nathaniel Lowe,Cincinnati Reds,3000,4,73.4,95.69607843137256,-0.5
2026-07-28,Jake Cronenworth,San Diego Padres,2000,2,70.8,91.45528455284553,1.5
2026-07-28,Cole Young,Seattle Mariners,3200,1,54.6,60.39748953974896,5.0
2026-07-28,Wyatt Langford,Texas Rangers,4000,2,60.4,73.1830985915493,3.5
2026-07-28,Travis Bazzana,Cleveland Guardians,4600,6,57.7,68.1417004048583,2.0
2026-07-28,Jacob Young,Washington Nationals,3200,9,60.6,74.06666666666666,12.0
2026-07-28,Colt Keith,Detroit Tigers,3000,5,63.2,82.88078541374475,21.0
2026-07-28,Evan Carter,Texas Rangers,3000,5,53.2,64.95652173913044,16.5
2026-07-28,George Springer,Toronto Blue Jays,3700,4,57.9,74.49152542372882,20.0
2026-07-28,Isaac Paredes,Houston Astros,3000,3,60.3,79.36129032258064,1.5
2026-07-28,Nolan Arenado,Arizona Diamondbacks,3300,6,60.9,81.28150134048258,12.0
2026-07-28,Dylan Beavers,Baltimore Orioles,2700,1,55.4,72.24308588064046,0.0
2026-07-28,Spencer Torkelson,Detroit Tigers,3000,6,60.0,81.63384188626907,2.0
2026-07-28,Max Kepler,Arizona Diamondbacks,2500,5,50.7,66.45481049562682,10.0
2026-07-28,Austin Wells,New York Yankees,2500,9,55.0,77.0,-0.5
2026-07-28,Taylor Trammell,Houston Astros,3000,7,51.6,71.0,-0.5
2026-07-28,Alika Williams,Athletics,3000,1,47.3,63.93706293706293,0.0
2026-07-28,Josh Rojas,Kansas City Royals,2100,9,40.0,51.047904191616766,9.0
2026-07-28,Andruw Monasterio,Boston Red Sox,2400,8,52.1,78.99601593625498,1.0
2026-07-28,Hunter Feduccia,Tampa Bay Rays,2200,9,33.3,41.50540958268934,0.0
2026-07-28,Petey Halpin,Cleveland Guardians,2600,9,26.7,40.527272727272724,4.0
2026-07-29,Drake Baldwin,Atlanta Braves,5100,1,97.3,100.0,5.5
2026-07-29,Austin Wells,New York Yankees,2500,9,52.7,64.43445692883896,-0.5
2026-07-29,Patrick Bailey,Cleveland Guardians,2200,8,52.0,67.90562613430127,3.5
2026-07-29,Chase Meidroth,Chicago White Sox,3600,8,42.1,49.90958164642375,7.0
2026-07-29,Lawrence Butler,Athletics,3000,1,47.8,63.47840531561462,21.0
2026-07-29,Nick Fortes,Tampa Bay Rays,2400,8,47.9,68.0,0.0
2026-07-29,Chandler Simpson,Tampa Bay Rays,3500,6,45.0,63.03092783505154,-0.5
2026-07-29,Taylor Trammell,Houston Astros,3000,6,59.0,92.6853146853147,8.5
2026-07-29,Josh Rojas,Kansas City Royals,2100,8,34.2,43.38323353293413,3.0
2026-07-29,Petey Halpin,Cleveland Guardians,2600,9,33.2,43.187725631768956,8.0
2026-07-29,Rob Refsnyder,Seattle Mariners,2200,7,44.7,68.7160751565762,-0.5
2026-07-30,Dominic Canzone,Seattle Mariners,3900,3,90.1,97.23041474654377,2.5
2026-07-30,Freddie Freeman,Los Angeles Dodgers,5300,3,89.5,100.0,2.0
2026-07-30,Jackson Merrill,San Diego Padres,3900,5,72.5,91.0,2.5
2026-07-30,Manny Machado,San Diego Padres,3900,3,71.2,90.56140350877193,-1.5
2026-07-30,Lawrence Butler,Athletics,3000,1,67.2,84.0,15.5
2026-07-30,Anthony Seigler,Boston Red Sox,2300,1,73.8,100.0,5.0
2026-07-30,Andruw Monasterio,Boston Red Sox,2400,8,73.4,100.0,6.0
2026-07-30,Jeff Mcneil,Athletics,2500,1,62.2,80.93146417445482,3.0
2026-07-30,Dominic Smith,Atlanta Braves,3300,7,61.7,81.86013986013987,5.0
2026-07-30,Daniel Susac,San Francisco Giants,2900,7,51.7,64.59882005899705,18.0
2026-07-31,Munetaka Murakami,Chicago White Sox,5000,2,103.2,100.0,21.0
2026-07-31,Drake Baldwin,Atlanta Braves,5100,2,92.2,100.0,-0.5
2026-07-31,Gabriel Moreno,Arizona Diamondbacks,3900,3,92.0,100.0,7.0
2026-07-31,Luis Lara,Milwaukee Brewers,2000,7,89.8,100.0,1.5
2026-07-31,Freddie Freeman,Los Angeles Dodgers,5300,4,89.8,100.0,11.0
2026-07-31,Jake Bauers,Milwaukee Brewers,4800,5,88.3,100.0,25.0
2026-07-31,Teoscar Hernandez,Los Angeles Dodgers,4200,6,87.8,100.0,-0.5
2026-07-31,Brice Turang,Milwaukee Brewers,5500,1,85.5,100.0,20.0
2026-07-31,Jackson Holliday,Baltimore Orioles,3300,6,79.8,100.0,7.0
2026-07-31,Rafael Devers,San Francisco Giants,3700,4,62.1,68.00502512562814,2.0
2026-07-31,Drew Cavanaugh,San Francisco Giants,3000,8,57.9,64.8776758409786,-0.5
2026-07-31,Jackson Merrill,San Diego Padres,3900,5,68.6,88.19145802650957,1.5
2026-07-31,Lawrence Butler,Athletics,3000,1,72.2,96.0,-1.0
2026-07-31,George Springer,Toronto Blue Jays,3700,4,61.3,78.11111111111111,7.0
2026-07-31,Jacob Young,Washington Nationals,3200,9,55.0,66.17441860465117,0.0
2026-07-31,Brady House,Washington Nationals,3100,5,62.2,81.64628820960698,4.5
2026-07-31,Jeff Mcneil,Athletics,2500,1,67.6,92.96875,-0.5
2026-07-31,Coby Mayo,Baltimore Orioles,3300,7,62.6,83.04473304473305,-1.0
2026-07-31,Jonah Heim,Athletics,3200,1,64.4,86.67123287671234,9.0
2026-07-31,John Rave,Kansas City Royals,3100,7,51.1,63.01928374655648,3.0
2026-07-31,Yainer Diaz,Houston Astros,3000,7,48.8,61.050221565731164,25.0
2026-07-31,Alec Bohm,Philadelphia Phillies,3500,4,52.3,68.45398773006136,-0.5
2026-07-31,Taylor Trammell,Houston Astros,3000,6,51.4,67.0,6.5
2026-07-31,Javier Baez,Detroit Tigers,3000,8,57.9,80.31923601637108,19.0
2026-07-31,Christian Yelich,Milwaukee Brewers,5000,3,65.0,94.86369958275382,7.5
2026-07-31,Chase Meidroth,Chicago White Sox,3600,8,45.9,56.71428571428572,2.0
2026-07-31,Joey Bart,Atlanta Braves,2700,8,49.2,64.90173410404624,2.0
2026-07-31,Ryan Waldschmidt,Arizona Diamondbacks,2700,9,45.8,58.88857938718664,8.0
2026-07-31,Max Kepler,Arizona Diamondbacks,2500,5,53.4,74.20448179271709,0.0
2026-07-31,Grant Mccray,San Francisco Giants,2000,7,39.7,47.05844155844156,-0.5
2026-07-31,Victor Robles,Seattle Mariners,2500,9,43.1,55.0,1.5
2026-07-31,Haoyu Lee,Detroit Tigers,3000,5,56.5,83.0,-0.5
2026-07-31,Chandler Simpson,Tampa Bay Rays,3500,5,50.3,72.43703703703704,7.5
2026-07-31,Josh Rojas,Kansas City Royals,2100,8,41.3,63.538704581358616,0.0
2026-08-01,Pete Alonso,Baltimore Orioles,5600,4,96.1,92.32518337408312,-1.5
2026-08-01,Andres Chaparro,Washington Nationals,2000,2,96.9,100.0,6.0
2026-08-01,Freddie Freeman,Los Angeles Dodgers,5300,4,92.2,100.0,11.0
2026-08-01,Jake Bauers,Milwaukee Brewers,4800,6,90.7,100.0,13.5
2026-08-01,Gabriel Moreno,Arizona Diamondbacks,3900,3,82.3,89.02369668246446,1.5
2026-08-01,Joc Pederson,Texas Rangers,3200,1,87.7,100.0,3.0
2026-08-01,Teoscar Hernandez,Los Angeles Dodgers,4200,6,85.9,98.09803921568627,22.0
2026-08-01,Corey Seager,Texas Rangers,4500,3,82.5,100.0,4.5
2026-08-01,Spencer Torkelson,Detroit Tigers,3000,6,76.3,93.71389645776567,9.5
2026-08-01,Rafael Devers,San Francisco Giants,3700,4,73.4,89.10831234256926,10.0
2026-08-01,Jackson Holliday,Baltimore Orioles,3300,8,57.0,62.72916666666666,-1.5
2026-08-01,Jackson Merrill,San Diego Padres,3900,5,67.3,85.13224368499257,7.5
2026-08-01,Nick Gonzales,Pittsburgh Pirates,3000,5,59.6,70.2420382165605,7.0
2026-08-01,Jacob Young,Washington Nationals,3200,6,67.6,86.5212298682284,2.0
2026-08-01,Colt Keith,Detroit Tigers,3000,5,74.2,100.0,8.0
2026-08-01,Cole Young,Seattle Mariners,3200,1,60.9,74.6607869742198,10.0
2026-08-01,Brice Turang,Milwaukee Brewers,5500,2,73.0,100.0,5.0
2026-08-01,John Rave,Kansas City Royals,3100,8,63.5,82.47830279652845,16.5
2026-08-01,Daniel Susac,San Francisco Giants,2900,7,64.6,85.47496423462088,8.0
2026-08-01,Coby Mayo,Baltimore Orioles,3300,1,56.6,70.05839416058394,-1.0
2026-08-01,Lawrence Butler,Athletics,3000,1,65.1,88.0,9.0
2026-08-01,Yainer Diaz,Houston Astros,3000,5,60.0,77.77591036414566,-0.5
2026-08-01,Spencer Jones,New York Yankees,2700,7,49.8,57.729475100942125,18.5
2026-08-01,Javier Baez,Detroit Tigers,3000,8,69.0,96.1952506596306,-1.0
2026-08-01,Evan Carter,Texas Rangers,3000,5,65.6,89.76190476190476,5.5
2026-08-01,Dominic Smith,Atlanta Braves,3300,6,69.0,98.0812324929972,19.5
2026-08-01,Drew Gilbert,San Francisco Giants,2700,8,58.6,78.35502958579882,7.5
2026-08-01,Jonah Heim,Athletics,3200,1,57.3,76.50067842605156,-0.5
2026-08-01,Ryan Waldschmidt,Arizona Diamondbacks,2700,9,42.1,46.31506849315069,12.0
2026-08-01,Austin Martin,Minnesota Twins,3200,9,41.1,46.095238095238095,0.0
2026-08-01,Taylor Trammell,Houston Astros,3000,7,44.2,58.29346314325451,6.5
2026-08-01,Brenton Doyle,Colorado Rockies,3000,9,48.5,69.55971479500892,6.5
2026-08-02,Teoscar Hernandez,Los Angeles Dodgers,4200,7,88.0,92.45108695652173,5.0
2026-08-02,Freddie Freeman,Los Angeles Dodgers,5300,4,89.6,100.0,3.0
2026-08-02,Royce Lewis,Minnesota Twins,3600,5,76.6,85.96033994334277,21.0
2026-08-02,Kevin Mcgonigle,Detroit Tigers,3000,3,80.5,94.38349514563107,5.5
2026-08-02,Jackson Merrill,San Diego Padres,3900,5,60.2,69.75254730713246,26.0
2026-08-02,Kyle Tucker,Los Angeles Dodgers,4800,6,64.5,78.68901569186876,6.5
2026-08-02,Ty France,San Diego Padres,2800,4,55.4,62.764904386951635,10.0
2026-08-02,Cole Young,Seattle Mariners,3200,1,61.7,75.9651474530831,16.0
2026-08-02,Ben Malgeri,Detroit Tigers,3000,8,52.0,58.064935064935064,4.0
2026-08-02,Rafael Devers,San Francisco Giants,3700,4,57.9,70.29813664596273,17.5
2026-08-02,Luke Keaschall,Minnesota Twins,3000,8,49.3,60.87743732590529,17.0
2026-08-03,Jake Bauers,Milwaukee Brewers,4800,5,89.6,100.0,8.5
2026-08-03,Freddie Freeman,Los Angeles Dodgers,5300,4,85.8,94.05949656750572,2.5
2026-08-03,Teoscar Hernandez,Los Angeles Dodgers,4200,7,78.7,82.92087312414733,17.0
2026-08-03,Rafael Devers,San Francisco Giants,3700,4,65.3,70.29813664596273,-0.5
2026-08-03,Brice Turang,Milwaukee Brewers,5500,1,79.3,100.0,1.0
2026-08-03,Cole Carrigg,Colorado Rockies,3300,3,62.8,76.99562363238512,11.0
2026-08-03,George Springer,Toronto Blue Jays,3700,4,72.6,99.11354309165526,4.0
2026-08-03,Daniel Susac,San Francisco Giants,2900,5,63.8,83.0,4.0
2026-08-03,Luis Rengifo,San Diego Padres,2700,6,58.7,75.21259842519684,3.0
2026-08-03,Alex Bregman,Chicago Cubs,4000,3,58.2,76.3732590529248,5.5
2026-08-03,Eliezer Alfonzo,Los Angeles Dodgers,3000,9,47.7,56.20143884892086,3.0
2026-08-03,Spencer Jones,New York Yankees,2700,4,51.3,64.21220159151193,-1.0
2026-08-03,Trea Turner,Philadelphia Phillies,5400,1,51.8,65.10413694721825,-0.5
2026-08-03,Yainer Diaz,Houston Astros,3000,8,63.2,89.10271041369472,7.0
2026-08-03,Austin Wells,New York Yankees,2500,9,41.7,46.18994413407822,18.5
2026-08-03,Jacob Young,Washington Nationals,3200,9,48.7,60.77614138438881,4.0
2026-08-03,Kyle Tucker,Los Angeles Dodgers,4800,6,50.1,63.96870554765292,10.0
2026-08-03,Taylor Trammell,Houston Astros,3000,7,57.1,78.98628257887518,-0.5
2026-08-03,Grant Mccray,San Francisco Giants,2000,8,44.5,55.2544731610338,11.0
2026-08-03,Ryan Waldschmidt,Arizona Diamondbacks,2700,9,48.5,63.4745308310992,-0.5
2026-08-03,Henry Davis,Pittsburgh Pirates,3000,9,33.3,34.06711409395973,1.5
2026-08-03,Andres Gimenez,Toronto Blue Jays,2800,8,51.6,76.85350318471338,0.0
2026-08-03,Evan Carter,Texas Rangers,3000,5,53.2,81.45156482861401,-0.5
2026-08-04,Dominic Canzone,Seattle Mariners,3900,3,83.9,85.06132075471699,2.5
2026-08-04,Andres Chaparro,Washington Nationals,2000,2,87.8,96.62318840579711,-1.0
2026-08-04,John Rave,Kansas City Royals,3100,8,76.3,75.1671388101983,0.0
2026-08-04,Royce Lewis,Minnesota Twins,3600,5,85.4,98.96033994334277,14.0
2026-08-04,Teoscar Hernandez,Los Angeles Dodgers,4200,7,77.3,85.40696117804552,-0.5
2026-08-04,Cole Carrigg,Colorado Rockies,3300,2,79.4,93.28135223555071,4.5
2026-08-04,Kyle Stowers,Miami Marlins,3900,1,72.6,84.49484536082474,4.5
2026-08-04,Randal Grichuk,Chicago White Sox,3400,4,67.1,75.11881188118812,5.0
2026-08-04,Cole Young,Seattle Mariners,3200,1,59.7,67.9651474530831,4.0
2026-08-04,Colt Keith,Detroit Tigers,3000,5,61.1,75.0,22.0
2026-08-04,Dominic Smith,Atlanta Braves,3300,7,58.3,70.57692307692308,0.0
2026-08-04,Daniel Susac,San Francisco Giants,2900,5,59.7,75.0,4.5
2026-08-04,Bryson Stott,Philadelphia Phillies,4000,8,62.5,82.65934065934066,8.0
2026-08-04,Jackson Merrill,San Diego Padres,3900,5,55.1,68.4963503649635,17.0
2026-08-04,Spencer Torkelson,Detroit Tigers,3000,6,54.7,67.8048780487805,1.5
2026-08-04,Luke Keaschall,Minnesota Twins,3000,8,55.5,69.87743732590529,2.5
2026-08-04,Trea Turner,Philadelphia Phillies,5400,2,70.3,100.0,15.0
2026-08-04,Henry Bolte,Athletics,3200,1,53.6,66.74449339207048,16.0
2026-08-04,Evan Carter,Texas Rangers,3000,6,57.1,73.9394856278366,0.0
2026-08-04,Luis Rengifo,San Diego Padres,2700,2,56.1,72.22784810126582,12.0
2026-08-04,Ryan Kreidler,Minnesota Twins,2700,9,51.0,62.60801144492132,7.0
2026-08-04,Ezequiel Tovar,Colorado Rockies,3900,9,50.7,62.84922010398614,12.0
2026-08-04,Jacob Young,Washington Nationals,3200,6,50.2,63.578560939794414,-0.5
2026-08-04,Nathan Church,St. Louis Cardinals,2900,7,46.0,56.11145510835914,2.5
2026-08-04,George Springer,Toronto Blue Jays,3700,4,52.7,71.21978021978022,4.5
2026-08-04,Rhys Hoskins,Cleveland Guardians,3300,4,37.6,41.78787878787879,-1.0
2026-08-04,Ryan Waldschmidt,Arizona Diamondbacks,2700,9,55.3,78.07650273224044,2.5
2026-08-04,Caleb Durbin,Boston Red Sox,2900,6,40.2,49.44444444444444,32.0
2026-08-04,Freddy Fermin,San Diego Padres,2100,7,45.0,59.32394366197184,10.0
2026-08-04,Spencer Jones,New York Yankees,2700,5,54.7,79.4297520661157,0.0
2026-08-04,Jase Bowen,San Diego Padres,2400,9,40.4,51.0,6.5
2026-08-04,Javier Baez,Detroit Tigers,3000,8,35.7,41.915159944367176,3.5
2026-08-04,Brenton Doyle,Chicago White Sox,3000,7,38.0,47.41652021089631,3.0
2026-08-04,Taylor Trammell,Houston Astros,3000,7,37.1,46.55244755244755,22.0
2026-08-04,Andres Gimenez,Toronto Blue Jays,2800,8,32.0,40.429951690821255,4.5
2026-08-05,Griffin Conine,Miami Marlins,3200,4,89.9,97.20247469066366,-1.0
2026-08-05,Royce Lewis,Minnesota Twins,3600,5,90.1,100.0,3.0
2026-08-05,Dominic Canzone,Seattle Mariners,3900,3,84.2,100.0,4.0
2026-08-05,Kyle Stowers,Miami Marlins,3900,2,69.6,80.98969072164948,-1.0
2026-08-05,Randy Arozarena,Seattle Mariners,5100,2,72.7,92.22984356197352,10.0
2026-08-05,Carson Benge,New York Mets,4000,4,55.2,57.46196403872753,15.0
2026-08-05,Nathaniel Lowe,Cleveland Guardians,3000,4,63.4,74.3810110974106,11.5
2026-08-05,Andrew Benintendi,Chicago White Sox,3100,5,67.2,83.74493927125506,4.5
2026-08-05,Cole Young,Seattle Mariners,3200,1,71.2,93.64343163538874,0.0
2026-08-05,Colt Keith,Detroit Tigers,3000,5,57.6,67.0,-0.5
2026-08-05,Steven Kwan,Cleveland Guardians,3200,1,58.3,68.47058823529412,6.0
2026-08-05,Jackson Merrill,San Diego Padres,3900,5,61.5,76.28364688856729,3.5
2026-08-05,Masataka Yoshida,Boston Red Sox,3000,5,54.1,62.3929539295393,0.0
2026-08-05,Luis Rengifo,San Diego Padres,2700,2,59.5,80.5031847133758,-1.5
2026-08-05,Trea Turner,Philadelphia Phillies,5400,2,66.9,96.3931623931624,1.5
2026-08-05,Chase Meidroth,Chicago White Sox,3600,8,48.3,59.67567567567568,-1.0
2026-08-05,Spencer Torkelson,Detroit Tigers,3000,6,40.3,44.50204638472033,-1.0
2026-08-05,Ryan Kreidler,Minnesota Twins,2700,9,41.2,47.53256150506513,-0.5
2026-08-05,Henry Bolte,Athletics,3200,1,50.5,66.6978417266187,-1.0
2026-08-05,Bryson Stott,Philadelphia Phillies,4000,8,54.4,75.75342465753425,14.0
2026-08-05,Jakob Marsee,Miami Marlins,3700,7,40.8,48.78048780487805,7.0
2026-08-05,Caleb Durbin,Boston Red Sox,2900,6,43.9,54.93084370677732,5.0
2026-08-05,Ryan Waldschmidt,Arizona Diamondbacks,2700,9,43.6,54.65753424657534,10.5
2026-08-05,Nathan Church,St. Louis Cardinals,2900,5,49.8,67.10852713178295,6.0
2026-08-05,Jarren Duran,Boston Red Sox,4700,7,38.4,47.73246329526917,15.0
2026-08-05,Jase Bowen,San Diego Padres,2400,9,41.6,55.37697516930022,-1.5
2026-08-05,Kyle Isbel,Kansas City Royals,2500,9,40.2,53.15174506828528,1.5
2026-08-05,Spencer Jones,New York Yankees,2700,5,43.7,62.63739376770539,-1.0
2026-08-05,Tyler Oneill,Baltimore Orioles,2600,4,32.4,43.0,15.5
2026-08-05,Petey Halpin,Cleveland Guardians,2600,7,30.2,39.927927927927925,-0.5
2026-08-05,Jacob Young,Washington Nationals,3200,9,43.9,68.96449704142012,16.0
2026-08-05,Justin Crawford,Philadelphia Phillies,3200,9,32.8,60.587786259541986,2.0
2026-08-06,Fernando Tatis,San Diego Padres,4500,1,81.9,86.254327563249,11.0
2026-08-06,Bobby Witt,Kansas City Royals,6100,2,79.9,91.44171779141104,20.0
2026-08-06,Royce Lewis,Minnesota Twins,3600,5,79.9,92.53061224489795,16.0
2026-08-06,Randal Grichuk,Chicago White Sox,3400,4,58.2,65.93564356435644,5.0
2026-08-06,Dominic Smith,Atlanta Braves,3300,7,50.6,59.72527472527473,3.0
2026-08-06,Jackson Merrill,San Diego Padres,3900,5,51.4,62.96943231441048,9.5
2026-08-06,Caleb Durbin,Boston Red Sox,2900,4,46.1,58.2967032967033,18.0
2026-08-06,Luke Keaschall,Minnesota Twins,3000,2,52.6,71.53521126760563,7.0
2026-08-06,Ryan Waldschmidt,Arizona Diamondbacks,2700,9,53.0,72.43791722296395,0.0
2026-08-06,Freddy Fermin,San Diego Padres,2100,8,44.8,56.700516351118765,5.0
2026-08-06,Kyle Stowers,Miami Marlins,3900,6,50.4,69.58854166666667,6.5
2026-08-06,Jarren Duran,Boston Red Sox,4700,7,41.4,53.714285714285715,3.0
2026-08-07,Fernando Tatis,San Diego Padres,4500,1,94.5,100.0,16.5
2026-08-07,Bryce Harper,Philadelphia Phillies,5800,3,93.7,100.0,11.5
2026-08-07,Royce Lewis,Minnesota Twins,3600,3,90.0,93.82312925170068,13.5
2026-08-07,Jake Bauers,Milwaukee Brewers,4800,3,91.0,100.0,3.0
2026-08-07,Bobby Witt,Kansas City Royals,6100,2,90.4,99.72939729397294,7.0
2026-08-07,Kevin Mcgonigle,Detroit Tigers,3000,1,79.7,94.31143552311435,13.0
2026-08-07,Teoscar Hernandez,Los Angeles Dodgers,4200,7,81.2,100.0,-1.0
2026-08-07,Randal Grichuk,Chicago White Sox,3400,4,68.3,78.93564356435644,2.5
2026-08-07,Brandon Nimmo,Texas Rangers,3600,4,74.1,93.1994917407878,3.0
2026-08-07,Colt Keith,Detroit Tigers,3000,1,69.8,88.18766756032171,-1.0
2026-08-07,Jackson Merrill,San Diego Padres,3900,5,62.8,74.15697674418605,11.0
2026-08-07,Bryson Stott,Philadelphia Phillies,4000,8,63.8,77.00804289544236,6.0
2026-08-07,Jacob Young,Washington Nationals,3200,9,52.8,56.40028288543141,2.5
2026-08-07,Wade Meckler,Los Angeles Angels,3200,1,74.3,100.0,0.0
2026-08-07,Julio Rodriguez,Seattle Mariners,5000,5,60.3,72.66487213997308,21.0
2026-08-07,Cole Young,Seattle Mariners,3200,2,54.9,62.1156462585034,2.5
2026-08-07,Kyle Stowers,Miami Marlins,3900,1,58.9,71.05194805194805,18.0
2026-08-07,Joe Mack,Miami Marlins,2800,8,55.3,63.96589358799454,-0.5
2026-08-07,Kyle Tucker,Los Angeles Dodgers,4800,6,72.8,100.0,4.5
2026-08-07,Daniel Susac,San Francisco Giants,2900,5,54.5,67.0,-1.0
2026-08-07,Luke Keaschall,Minnesota Twins,3000,6,53.0,64.29131652661064,6.0
2026-08-07,Drew Gilbert,San Francisco Giants,2700,6,48.4,56.35294117647058,4.0
2026-08-07,Trea Turner,Philadelphia Phillies,5400,2,62.1,84.82857142857142,3.5
2026-08-07,Chase Meidroth,Chicago White Sox,3600,1,51.9,64.73712021136063,4.0
2026-08-07,Mauricio Dubon,Atlanta Braves,3200,5,53.3,67.87534626038781,3.0
2026-08-07,Lawrence Butler,Athletics,3000,1,52.9,67.20820189274448,0.0
2026-08-07,Nathan Church,St. Louis Cardinals,2900,7,55.8,73.0909090909091,8.0
2026-08-07,Tyler Oneill,Baltimore Orioles,2600,4,45.8,54.0,4.0
2026-08-07,Henry Bolte,Athletics,3200,1,50.8,64.42857142857143,-1.5
2026-08-07,Caleb Durbin,Boston Red Sox,2900,4,52.4,68.58904109589041,9.0
2026-08-07,Ryan Waldschmidt,Arizona Diamondbacks,2700,9,37.7,41.49659863945578,15.0
2026-08-07,Brenton Doyle,Chicago White Sox,3000,6,46.1,62.965397923875436,-0.5
2026-08-07,Yainer Diaz,Houston Astros,3000,7,52.0,76.06590257879657,-1.0
2026-08-07,Javier Baez,Detroit Tigers,3000,1,41.8,59.043723554301835,0.0
2026-08-07,Justin Crawford,Philadelphia Phillies,3200,9,38.6,52.65030674846625,16.0
2026-08-07,Edgar Quero,Chicago White Sox,2300,8,36.7,49.54471544715447,3.0
2026-08-07,Jose Altuve,Houston Astros,3000,4,42.5,63.66145092460883,9.0
2026-08-07,Jarren Duran,Boston Red Sox,4700,7,42.2,63.31596091205212,17.5
2026-08-08,Jake Bauers,Milwaukee Brewers,4800,3,97.7,100.0,1.5
2026-08-08,Royce Lewis,Minnesota Twins,3600,3,91.9,95.0,16.0
2026-08-08,Elly De La Cruz,Cincinnati Reds,3000,1,88.5,100.0,-0.5
2026-08-08,Christian Walker,Houston Astros,3000,5,87.3,100.0,9.0
2026-08-08,Kevin Mcgonigle,Detroit Tigers,3000,1,87.3,100.0,7.0
2026-08-08,Bobby Witt,Kansas City Royals,6100,2,85.9,99.7037037037037,7.0
2026-08-08,Kyle Tucker,Los Angeles Dodgers,4800,6,71.2,83.20723226703755,16.0
2026-08-08,Steven Kwan,Cleveland Guardians,3200,1,71.5,87.58992805755396,2.0
2026-08-08,Jesus Sanchez,Toronto Blue Jays,2600,4,67.6,80.16402116402116,2.5
2026-08-08,Brandon Nimmo,Texas Rangers,3600,4,76.3,99.10941475826972,2.0
2026-08-08,Jac Caglianone,Kansas City Royals,4600,3,73.9,94.5567144719687,42.0
2026-08-08,Teoscar Hernandez,Los Angeles Dodgers,4200,8,62.5,73.63273727647868,3.0
2026-08-08,Bryson Stott,Philadelphia Phillies,4000,5,74.4,98.37783711615488,17.0
2026-08-08,Cole Young,Seattle Mariners,3200,2,58.6,69.09809264305177,2.5
2026-08-08,Jacob Young,Washington Nationals,3200,9,53.5,60.70538243626062,7.0
2026-08-08,Andy Pages,Los Angeles Dodgers,5000,2,59.9,74.54430379746836,12.5
2026-08-08,Jung Hoo Lee,San Francisco Giants,3600,2,51.4,57.41624365482234,0.0
2026-08-08,Andruw Monasterio,Boston Red Sox,2400,5,53.5,63.620253164556964,10.5
2026-08-08,Wade Meckler,Los Angeles Angels,3200,1,56.1,68.75158428390367,7.0
2026-08-08,Josh Bell,Minnesota Twins,2600,4,54.9,66.80758807588076,5.0
2026-08-08,Jakob Marsee,Miami Marlins,3700,1,60.1,77.81889763779527,14.0
2026-08-08,Andrew Benintendi,Chicago White Sox,3100,5,55.2,68.68385345997287,6.5
2026-08-08,Marcus Semien,New York Mets,3300,7,63.8,86.76755070202807,-0.5
2026-08-08,Lawrence Butler,Athletics,3000,1,48.8,57.88461538461539,14.0
2026-08-08,Kyle Stowers,Miami Marlins,3900,3,52.5,67.28205128205128,2.0
2026-08-08,Spencer Torkelson,Detroit Tigers,3000,6,58.8,81.02864938608458,9.0
2026-08-08,Trea Turner,Philadelphia Phillies,5400,2,62.2,88.36676217765043,19.0
2026-08-08,Chase Meidroth,Chicago White Sox,3600,8,42.2,48.39682539682539,7.0
2026-08-08,Ryan Waldschmidt,Arizona Diamondbacks,2700,9,31.6,29.080213903743314,1.5
2026-08-08,Joey Ortiz,Milwaukee Brewers,2100,9,37.0,40.60240963855422,-0.5
2026-08-08,Tyler Oneill,Baltimore Orioles,2600,4,43.4,54.0,7.0
2026-08-08,Jarren Duran,Boston Red Sox,4700,8,42.8,53.47001620745543,-1.5
2026-08-08,Jose Altuve,Houston Astros,3000,4,58.4,85.36248236953455,2.5
2026-08-08,Caleb Durbin,Boston Red Sox,2900,3,42.4,54.171270718232044,13.5
2026-08-08,Justin Crawford,Philadelphia Phillies,3200,7,54.0,79.57575757575758,12.0
2026-08-08,Andres Gimenez,Toronto Blue Jays,2800,6,45.0,62.79029733959311,13.5
2026-08-08,Alex Bregman,Chicago Cubs,4000,4,56.1,85.803324099723,1.5
2026-08-08,Eli White,Boston Red Sox,2500,6,30.0,37.33933933933934,1.0
2026-08-08,Cedric Mullins,Tampa Bay Rays,3200,6,39.1,56.67817896389326,12.0
2026-08-09,Christian Walker,Houston Astros,3000,6,78.1,86.81434058898847,0.0
2026-08-09,Kevin Mcgonigle,Detroit Tigers,3000,1,73.4,87.5281173594132,2.5
2026-08-09,Nathaniel Lowe,Cleveland Guardians,3000,4,70.7,84.10194174757282,1.5
2026-08-09,Xander Bogaerts,San Diego Padres,3500,8,70.9,88.90923317683881,-0.5
2026-08-09,Randal Grichuk,Chicago White Sox,3400,4,53.1,60.63354037267081,8.0
2026-08-09,Angel Genao,Cleveland Guardians,2000,9,45.4,48.0,3.5
2026-08-09,Cole Young,Seattle Mariners,3200,2,52.4,63.71934604904632,7.5
2026-08-09,Liam Hicks,Tampa Bay Rays,4900,5,53.0,65.04347826086956,12.0
2026-08-09,Lamonte Wade,Houston Astros,3000,9,42.6,46.258692628650905,0.0
2026-08-09,Taylor Trammell,Houston Astros,3000,5,54.0,71.04582210242587,4.5
2026-08-09,Spencer Torkelson,Detroit Tigers,3000,6,47.0,61.329715061058344,6.0
2026-08-09,Jose Altuve,Houston Astros,3000,4,49.8,67.43342776203966,0.0
2026-08-09,Freddy Fermin,San Diego Padres,2100,9,47.0,64.98445595854923,7.0
2026-08-09,Edgar Quero,Chicago White Sox,2300,7,36.1,47.38631790744466,6.0
2026-08-09,Cedric Mullins,Tampa Bay Rays,3200,7,35.3,46.007751937984494,11.0
2026-08-10,Jake Bauers,Milwaukee Brewers,4800,3,93.5,100.0,5.0
2026-08-10,Wilyer Abreu,Boston Red Sox,4400,3,89.0,100.0,2.0
2026-08-10,Fernando Tatis,San Diego Padres,4500,1,88.5,100.0,0.0
2026-08-10,Jac Caglianone,Kansas City Royals,4600,3,71.1,85.59347553324969,20.5
2026-08-10,Christian Walker,Houston Astros,3000,6,77.9,100.0,2.0
2026-08-10,Corey Seager,Texas Rangers,4500,2,59.1,65.0,5.0
2026-08-10,Masataka Yoshida,Boston Red Sox,3000,5,75.8,100.0,4.0
2026-08-10,Bryson Stott,Philadelphia Phillies,4000,2,69.0,86.74172185430464,7.5
2026-08-10,Jackson Merrill,San Diego Padres,3900,5,58.8,68.0,16.0
2026-08-10,Josh Bell,Minnesota Twins,2600,4,58.8,68.49522510231924,21.0
2026-08-10,Tyler Oneill,Baltimore Orioles,2600,4,65.3,85.0,-1.0
2026-08-10,Carson Benge,New York Mets,4000,4,67.5,90.09677419354838,5.5
2026-08-10,Jake Mccarthy,Colorado Rockies,4100,1,53.9,63.18604651162791,4.5
2026-08-10,Willi Castro,Colorado Rockies,4300,7,48.4,53.64907651715039,2.0
2026-08-10,Edmundo Sosa,Philadelphia Phillies,3000,8,49.0,55.64383561643836,15.5
2026-08-10,Marcus Semien,New York Mets,3300,6,61.8,81.55345911949685,1.5
2026-08-10,Mauricio Dubon,Atlanta Braves,3200,6,63.1,86.27777777777777,7.0
2026-08-10,Nathan Church,St. Louis Cardinals,2900,5,64.2,91.2225656877898,3.0
2026-08-10,Caleb Durbin,Boston Red Sox,2900,6,61.7,87.23287671232876,-1.0
2026-08-10,Chandler Simpson,Tampa Bay Rays,3500,6,57.7,82.27586206896552,20.0
2026-08-10,Salvador Perez,Kansas City Royals,3500,4,42.5,52.01574803149606,-0.5
2026-08-10,Jose Altuve,Houston Astros,3000,4,54.0,75.64621968616262,1.5
2026-08-10,Justin Crawford,Philadelphia Phillies,3200,7,47.2,62.208955223880594,6.5
2026-08-10,Taylor Trammell,Houston Astros,3000,5,53.5,77.85964912280701,4.0
2026-08-10,Jarren Duran,Boston Red Sox,4700,7,53.9,81.31973898858075,4.5
2026-08-10,Freddy Fermin,San Diego Padres,2100,8,38.0,50.19047619047619,4.0
2026-08-11,Brandon Nimmo,Texas Rangers,3600,4,86.3,100.0,7.5
2026-08-11,Michael Busch,Chicago Cubs,4400,3,80.1,94.76031957390147,-0.5
2026-08-11,Jac Caglianone,Kansas City Royals,4600,3,80.9,96.91315136476426,16.5
2026-08-11,Kyle Tucker,Los Angeles Dodgers,4800,4,75.6,90.78404401650619,4.0
2026-08-11,Nathaniel Lowe,Cleveland Guardians,3000,4,71.3,82.19001218026797,3.0
2026-08-11,Wilyer Abreu,Boston Red Sox,4400,5,75.1,93.0,20.0
2026-08-11,Carson Benge,New York Mets,4000,5,68.1,80.30458221024259,6.0
2026-08-11,Josh Bell,Minnesota Twins,2600,3,77.7,100.0,1.5
2026-08-11,Bryson Stott,Philadelphia Phillies,4000,6,69.2,86.33333333333333,9.0
2026-08-11,Jackson Merrill,San Diego Padres,3900,5,64.3,77.66900420757364,11.5
2026-08-11,Alan Roden,Minnesota Twins,2000,8,73.5,96.99430740037951,1.5
2026-08-11,Jake Mccarthy,Colorado Rockies,4100,1,68.7,88.26775320139697,0.0
2026-08-11,Masataka Yoshida,Boston Red Sox,3000,1,64.3,79.72922252010724,4.0
2026-08-11,Jacob Young,Washington Nationals,3200,6,60.2,73.07417974322397,19.0
2026-08-11,Colt Keith,Detroit Tigers,3000,5,55.5,66.20108695652173,0.0
2026-08-11,Coby Mayo,Baltimore Orioles,3300,6,57.6,71.48467966573816,1.5
2026-08-11,Liam Hicks,Tampa Bay Rays,4900,4,61.3,81.04234122042341,6.0
2026-08-11,Willi Castro,Colorado Rockies,4300,5,57.2,74.35138705416117,1.5
2026-08-11,Ezequiel Tovar,Colorado Rockies,3900,9,55.0,70.0518134715026,5.0
2026-08-11,Mauricio Dubon,Atlanta Braves,3200,6,57.2,77.27374301675978,2.0
2026-08-11,Charles Mcadoo,Toronto Blue Jays,2500,1,54.1,71.61835748792271,3.5
2026-08-11,Cedric Mullins,Tampa Bay Rays,3200,7,51.4,67.0077519379845,-0.5
2026-08-11,Tyler Oneill,Baltimore Orioles,2600,4,45.9,59.0,2.0
2026-08-11,Jakob Marsee,Miami Marlins,3700,5,49.8,66.80438184663537,2.0
2026-08-11,Esteury Ruiz,Miami Marlins,3100,9,39.6,46.713286713286706,22.5
2026-08-11,Nolan Arenado,Arizona Diamondbacks,3300,5,66.2,100.0,11.0
2026-08-11,Everson Pereira,St. Louis Cardinals,3100,8,39.0,47.69444444444444,13.0
2026-08-11,Austin Hays,San Diego Padres,2900,6,43.1,56.06508875739645,12.0
2026-08-11,Jacob Gonzalez,Pittsburgh Pirates,2300,8,38.4,46.94074074074074,3.0
2026-08-11,Brenton Doyle,Chicago White Sox,3000,1,45.7,61.77816291161179,14.0
2026-08-11,Chandler Simpson,Tampa Bay Rays,3500,5,52.1,74.65517241379311,8.0
2026-08-11,Marcus Semien,New York Mets,3300,6,54.2,79.00315955766193,0.0
2026-08-11,Justin Crawford,Philadelphia Phillies,3200,9,43.3,57.822652757078984,0.0
2026-08-11,Zack Gelof,Athletics,4800,1,39.1,49.64641555285541,4.0
2026-08-11,Jose Altuve,Houston Astros,3000,4,51.1,74.47330447330447,2.0
2026-08-11,Alex Call,Los Angeles Dodgers,3000,8,34.1,40.96449704142012,8.5
2026-08-11,Edgar Quero,Chicago White Sox,2300,7,37.5,48.31999999999999,15.5
2026-08-11,Jarren Duran,Boston Red Sox,4700,7,37.0,48.86319218241042,5.0
2026-08-11,Austin Wynns,Texas Rangers,3000,8,54.0,83.03003003003002,3.0
2026-08-11,Harry Ford,Washington Nationals,2000,5,39.4,54.19480519480519,6.0
2026-08-11,Yohel Pozo,Baltimore Orioles,2300,9,36.6,48.88692579505301,5.0
2026-08-11,Pedro Pages,St. Louis Cardinals,2700,9,29.8,37.58536585365854,2.5
2026-08-13,Bryce Harper,Philadelphia Phillies,5800,3,101.9,100.0,8.0
2026-08-13,Corey Seager,Texas Rangers,4500,1,70.1,82.34532374100719,2.0
2026-08-13,Josh Bell,Minnesota Twins,2600,4,74.4,93.00269541778977,1.5
2026-08-13,Bryson Stott,Philadelphia Phillies,4000,5,62.0,72.75989445910291,5.0
2026-08-13,Kyle Tucker,Los Angeles Dodgers,4800,7,55.3,67.38664812239222,-0.5
2026-08-13,Justin Crawford,Philadelphia Phillies,3200,9,37.6,45.55555555555556,2.5
2026-08-14,Pete Alonso,Baltimore Orioles,5600,1,104.7,100.0,5.0
2026-08-14,Jac Caglianone,Kansas City Royals,4600,3,97.9,100.0,30.0
2026-08-14,Mookie Betts,Los Angeles Dodgers,4600,4,89.2,100.0,4.5
2026-08-14,Bo Bichette,New York Mets,4500,3,87.8,99.79825834542815,6.5
2026-08-14,Fernando Tatis,San Diego Padres,4500,1,86.5,100.0,16.0
2026-08-14,Yandy Diaz,Tampa Bay Rays,5200,1,75.3,85.67622461170848,2.5
2026-08-14,Jackson Chourio,Milwaukee Brewers,5400,1,60.1,61.407407407407405,2.0
2026-08-14,Carson Benge,New York Mets,4000,5,74.2,92.11764705882354,4.5
2026-08-14,Corey Seager,Texas Rangers,4500,1,55.3,55.76878612716763,5.5
2026-08-14,Wilyer Abreu,Boston Red Sox,4400,5,71.4,95.11949685534591,5.0
2026-08-14,Jacob Young,Washington Nationals,3200,9,62.8,80.0,3.0
2026-08-14,Ryan Mcmahon,New York Yankees,2400,7,67.5,89.42424242424242,2.5
2026-08-14,Jackson Merrill,San Diego Padres,3900,5,68.1,91.56983240223464,12.5
2026-08-14,Liam Hicks,Tampa Bay Rays,4900,5,55.9,67.23926380368098,8.5
2026-08-14,Jake Mccarthy,Colorado Rockies,4100,1,53.0,62.059382422802855,-0.5
2026-08-14,Ezequiel Tovar,Colorado Rockies,3900,8,46.5,51.92307692307692,4.5
2026-08-14,Victor Mesa,Tampa Bay Rays,3000,6,55.4,69.83446404341926,5.0
2026-08-14,Taylor Trammell,Houston Astros,3000,4,53.1,69.1367292225201,-1.5
2026-08-14,Coby Mayo,Baltimore Orioles,3300,3,45.7,56.41631504922644,-0.5
2026-08-14,Nolan Arenado,Arizona Diamondbacks,3300,5,45.4,58.005291005291,-1.5
2026-08-14,Jakob Marsee,Miami Marlins,3700,1,55.6,78.63492063492063,-0.5
2026-08-14,Eugenio Suarez,Cincinnati Reds,3000,5,49.5,66.53276353276354,6.5
2026-08-14,Keibert Ruiz,Washington Nationals,3800,5,56.0,79.58666666666667,0.0
2026-08-14,Austin Wells,New York Yankees,2500,8,65.4,98.52839931153184,2.0
2026-08-14,Chandler Simpson,Tampa Bay Rays,3500,3,44.8,59.54935622317596,14.5
2026-08-14,Hunter Feduccia,Los Angeles Dodgers,2200,9,37.7,45.44360902255639,-0.5
2026-08-14,Jake Cronenworth,San Diego Padres,2000,2,50.4,72.84317032040472,7.5
2026-08-14,Alejandro Kirk,Toronto Blue Jays,3300,5,39.9,57.97694524495677,23.0
2026-08-14,Jarren Duran,Boston Red Sox,4700,7,32.9,56.18433931484503,8.0
2026-08-14,Jose Altuve,Houston Astros,3000,5,31.9,56.431654676259,17.5
2026-08-15,Kyle Schwarber,Philadelphia Phillies,6300,1,103.5,100.0,-1.0
2026-08-15,Fernando Tatis,San Diego Padres,4500,1,93.8,100.0,5.5
2026-08-15,Pete Alonso,Baltimore Orioles,5600,2,93.7,100.0,20.0
2026-08-15,Wilyer Abreu,Boston Red Sox,4400,5,84.6,96.18891687657431,24.0
2026-08-15,Jac Caglianone,Kansas City Royals,4600,3,81.1,93.0,7.5
2026-08-15,Gunnar Henderson,Baltimore Orioles,5100,5,76.3,84.9322033898305,6.5
2026-08-15,Corbin Carroll,Arizona Diamondbacks,5500,2,79.3,93.70388349514563,19.0
2026-08-15,Mookie Betts,Los Angeles Dodgers,4600,5,78.8,93.52186177715092,-0.5
2026-08-15,Bo Bichette,New York Mets,4500,3,70.8,81.38775510204081,2.0
2026-08-15,Xander Bogaerts,San Diego Padres,3500,8,69.6,82.50229709035222,0.0
2026-08-15,Carson Benge,New York Mets,4000,4,61.5,71.0885072655218,17.5
2026-08-15,Bryson Stott,Philadelphia Phillies,4000,7,63.2,75.65604249667994,22.0
2026-08-15,Ty France,San Diego Padres,2800,4,67.6,85.83768444948922,1.5
2026-08-15,Austin Martin,Minnesota Twins,3200,1,56.9,65.7627365356623,4.0
2026-08-15,Liam Hicks,Tampa Bay Rays,4900,4,57.0,67.4478527607362,6.0
2026-08-15,Eugenio Suarez,Cincinnati Reds,3000,5,57.6,69.76595744680851,-1.0
2026-08-15,Jacob Young,Washington Nationals,3200,6,55.0,65.65096952908587,5.5
2026-08-15,Jeff Mcneil,Athletics,2500,1,60.0,76.81547619047619,-0.5
2026-08-15,Lawrence Butler,Athletics,3000,1,53.2,67.79937791601866,1.5
2026-08-15,Alec Bohm,Philadelphia Phillies,3500,5,55.9,73.4915773353752,27.0
2026-08-15,Jackson Merrill,San Diego Padres,3900,5,61.8,85.29691876750701,-1.0
2026-08-15,Josh Naylor,Seattle Mariners,4700,5,63.4,89.84135977337111,8.5
2026-08-15,Josh Bell,Minnesota Twins,2600,5,48.0,59.30717185385656,3.0
2026-08-15,Joey Ortiz,Milwaukee Brewers,2100,8,54.5,74.48011782032401,15.5
2026-08-15,Austin Hays,San Diego Padres,2900,7,47.7,60.961479198767336,-0.5
2026-08-15,Taylor Walls,Tampa Bay Rays,2700,9,34.6,36.35584843492586,3.0
2026-08-15,Chandler Simpson,Tampa Bay Rays,3500,5,39.3,46.53352353780314,6.0
2026-08-15,Harry Ford,Washington Nationals,2000,5,40.8,51.54005167958656,1.0
2026-08-15,Marcus Semien,New York Mets,3300,6,40.7,51.968,1.5
2026-08-15,Graham Pauley,Miami Marlins,2000,8,44.8,61.07518796992481,8.5
2026-08-15,Jakob Marsee,Miami Marlins,3700,1,53.7,79.97138314785373,25.0
2026-08-15,Nathaniel Lowe,Cleveland Guardians,3000,5,60.8,94.47406513872136,2.5
2026-08-15,Leody Taveras,Baltimore Orioles,3500,8,35.5,44.3012048192771,8.0
2026-08-15,Coby Mayo,Baltimore Orioles,3300,4,34.9,47.74535050071531,-1.0
2026-08-15,Jorge Polanco,New York Mets,3600,8,34.5,47.52554744525548,2.0
2026-08-16,Fernando Tatis,San Diego Padres,4500,1,86.2,100.0,6.0
2026-08-16,Wilyer Abreu,Boston Red Sox,4400,3,69.5,79.77227722772277,1.5
2026-08-16,Nathaniel Lowe,Cleveland Guardians,3000,5,63.7,77.2279855247286,4.5
2026-08-16,Troy Johnston,Colorado Rockies,4800,5,51.9,60.0,5.0
2026-08-16,Isaac Paredes,Houston Astros,3000,3,49.9,57.61290322580645,5.0
2026-08-16,Anthony Seigler,Boston Red Sox,2300,8,51.0,60.33149171270719,9.0
2026-08-16,Ty France,San Diego Padres,2800,4,52.1,63.84119677790564,-0.5
2026-08-16,Joey Ortiz,Milwaukee Brewers,2100,8,41.2,48.48672566371681,-2.0
2026-08-16,Alika Williams,Athletics,3000,1,44.4,58.84033613445378,2.0
2026-08-17,Kyle Schwarber,Philadelphia Phillies,6300,1,103.0,99.75690607734806,4.0
2026-08-17,Miguel Vargas,Chicago White Sox,4400,3,102.8,100.0,6.0
2026-08-17,Ketel Marte,Arizona Diamondbacks,5000,1,89.5,100.0,0.0
2026-08-17,Jac Caglianone,Kansas City Royals,4600,3,88.6,100.0,15.0
2026-08-17,Pete Alonso,Baltimore Orioles,5600,2,87.4,99.53837072018891,16.5
2026-08-17,Fernando Tatis,San Diego Padres,4500,1,85.0,95.50899742930591,1.5
2026-08-17,Francisco Lindor,New York Mets,4400,2,87.2,100.0,6.0
2026-08-17,Gunnar Henderson,Baltimore Orioles,5100,5,79.2,87.14285714285714,9.5
2026-08-17,Wilyer Abreu,Boston Red Sox,4400,1,79.3,89.77227722772277,14.0
2026-08-17,Bo Bichette,New York Mets,4500,3,84.1,100.0,5.0
2026-08-17,Andy Pages,Los Angeles Dodgers,5000,3,74.4,86.39698492462311,21.0
2026-08-17,Luis Campusano,San Diego Padres,2900,6,65.0,70.08648648648649,2.0
2026-08-17,Carson Benge,New York Mets,4000,4,72.4,91.49333333333334,3.0
2026-08-17,Corbin Carroll,Arizona Diamondbacks,5500,1,75.5,99.12709832134293,2.0
2026-08-17,Geraldo Perdomo,Arizona Diamondbacks,3800,1,60.4,69.8082191780822,1.5
2026-08-17,Liam Hicks,Tampa Bay Rays,4900,4,59.6,71.95588235294117,-1.0
2026-08-17,Chase Meidroth,Chicago White Sox,3600,1,57.6,69.9090909090909,-2.0
2026-08-17,Alec Bohm,Philadelphia Phillies,3500,5,62.1,80.0,9.0
2026-08-17,Jeff Mcneil,Athletics,2500,1,55.0,68.29909365558912,14.0
2026-08-17,Ivan Herrera,St. Louis Cardinals,4400,2,66.1,91.29333333333334,15.0
2026-08-17,Nolan Arenado,Arizona Diamondbacks,3300,1,53.7,68.20418848167539,0.0
2026-08-17,Josh Bell,Minnesota Twins,2600,4,61.2,83.50340136054422,16.0
2026-08-17,Christian Franklin,Baltimore Orioles,2000,9,41.7,45.397058823529406,11.0
2026-08-17,Bryson Stott,Philadelphia Phillies,4000,6,52.5,67.47694334650856,9.0
2026-08-17,Ryan Vilade,Tampa Bay Rays,3100,6,51.4,65.78282828282828,15.5
2026-08-17,Nick Yorke,Pittsburgh Pirates,3000,8,45.6,56.86481802426343,15.5
2026-08-17,Zack Gelof,Athletics,4800,1,47.6,62.9375,2.0
2026-08-17,Chandler Simpson,Tampa Bay Rays,3500,5,46.2,60.50640113798009,3.0
2026-08-17,Eugenio Suarez,Cincinnati Reds,3000,4,45.3,60.939481268011534,15.0
2026-08-17,Hunter Feduccia,Los Angeles Dodgers,2200,9,53.6,78.89123867069486,1.5
2026-08-17,Lawrence Butler,Athletics,3000,1,46.8,66.2638036809816,5.0
2026-08-17,Alex Bregman,Chicago Cubs,4000,4,63.1,100.0,13.0
2026-08-17,Justin Crawford,Philadelphia Phillies,3200,9,31.9,39.97897897897898,7.0
2026-08-17,Cedric Mullins,Tampa Bay Rays,3200,7,29.4,50.95061728395062,2.0
2026-08-18,Pete Alonso,Baltimore Orioles,5600,2,104.4,100.0,2.5
2026-08-18,Fernando Tatis,San Diego Padres,4500,1,100.3,100.0,29.5
2026-08-18,Francisco Lindor,New York Mets,4400,1,97.2,100.0,-1.0
2026-08-18,Miguel Vargas,Chicago White Sox,4400,3,95.5,100.0,3.0
2026-08-18,Kyle Schwarber,Philadelphia Phillies,6300,1,95.4,100.0,4.0
2026-08-18,Jake Bauers,Milwaukee Brewers,4800,3,91.3,92.38461538461539,26.5
2026-08-18,Jordan Walker,St. Louis Cardinals,5200,3,93.7,98.66666666666667,5.0
2026-08-18,Jac Caglianone,Kansas City Royals,4600,3,93.2,100.0,9.5
2026-08-18,Griffin Conine,Miami Marlins,3200,4,87.1,96.13253012048193,19.0
2026-08-18,Wilyer Abreu,Boston Red Sox,4400,3,87.2,100.0,4.0
2026-08-18,Gunnar Henderson,Baltimore Orioles,5100,5,86.2,100.0,0.0
2026-08-18,Yandy Diaz,Tampa Bay Rays,5200,4,86.2,100.0,8.0
2026-08-18,Andy Pages,Los Angeles Dodgers,5000,3,82.8,100.0,3.0
2026-08-18,Ivan Herrera,St. Louis Cardinals,4400,2,76.3,89.53917662682603,-1.0
2026-08-18,Bo Bichette,New York Mets,4500,2,81.2,100.0,9.0
2026-08-18,Vinnie Pasquantino,Kansas City Royals,4100,5,81.0,100.0,10.0
2026-08-18,Xander Bogaerts,San Diego Padres,3500,6,69.5,80.63076923076923,0.0
2026-08-18,Carson Benge,New York Mets,4000,4,78.0,100.0,-0.5
2026-08-18,Nolan Schanuel,Los Angeles Angels,3400,3,77.5,100.0,10.0
2026-08-18,Corey Seager,Texas Rangers,4500,2,61.2,69.68866571018651,10.0
2026-08-18,Bryson Stott,Philadelphia Phillies,4000,6,71.4,92.83727034120734,13.0
2026-08-18,Richie Palacios,Tampa Bay Rays,3400,8,61.7,74.86894586894587,7.0
2026-08-18,Corbin Carroll,Arizona Diamondbacks,5500,2,74.1,100.0,6.0
2026-08-18,Isaac Paredes,Houston Astros,3000,3,71.9,96.0516129032258,4.0
2026-08-18,Nico Hoerner,Chicago Cubs,3800,5,66.1,85.04347826086956,3.0
2026-08-18,Lawrence Butler,Athletics,3000,1,58.3,70.21100917431193,4.5
2026-08-18,Alec Bohm,Philadelphia Phillies,3500,5,72.1,98.0,14.0
2026-08-18,Jacob Young,Washington Nationals,3200,9,48.9,52.72222222222223,-0.5
2026-08-18,Hunter Feduccia,Los Angeles Dodgers,2200,9,64.5,84.78461538461538,6.0
2026-08-18,Jake Burger,Texas Rangers,3500,3,57.8,71.90344827586208,2.0
2026-08-18,Jeff Mcneil,Athletics,2500,1,56.5,69.6268656716418,8.0
2026-08-18,Jackson Merrill,San Diego Padres,3900,5,54.6,66.97183098591549,-2.0
2026-08-18,Jackson Holliday,Baltimore Orioles,3300,1,57.5,74.39667128987517,-0.5
2026-08-18,Austin Wells,New York Yankees,2500,9,51.7,63.43055555555556,0.0
2026-08-18,Coby Mayo,Baltimore Orioles,3300,4,50.9,62.050561797752806,16.0
2026-08-18,Alex Bregman,Chicago Cubs,4000,3,69.7,100.0,10.0
2026-08-18,Henry Bolte,Athletics,3200,1,42.6,47.14305750350631,5.0
2026-08-18,Tommy White,Athletics,3000,1,44.7,52.38317757009346,4.5
2026-08-18,Christian Franklin,Baltimore Orioles,2000,8,45.0,56.55737704918033,2.0
2026-08-18,Alika Williams,Athletics,3000,1,43.0,52.82857142857143,0.0
2026-08-18,Chandler Simpson,Tampa Bay Rays,3500,1,54.2,75.66381766381767,6.0
2026-08-18,Taylor Walls,Tampa Bay Rays,2700,9,47.6,62.3152709359606,6.5
2026-08-18,Jakob Marsee,Miami Marlins,3700,1,49.6,66.5651491365777,4.0
2026-08-18,Sean Murphy,Atlanta Braves,3100,9,40.0,48.31034482758621,-0.5
2026-08-18,Colt Keith,Detroit Tigers,3000,3,48.5,65.84925975773889,3.0
2026-08-18,Mickey Gasper,Boston Red Sox,3100,9,40.7,50.63708399366085,23.0
2026-08-18,Eugenio Suarez,Cincinnati Reds,3000,4,49.4,69.75388967468176,1.0
2026-08-18,Ian Happ,Chicago Cubs,4500,7,41.7,54.89645776566758,3.0
2026-08-18,Cedric Mullins,Tampa Bay Rays,3200,7,42.1,56.25349922239502,7.0
2026-08-18,Darell Hernaiz,Athletics,2000,1,29.9,34.55954323001631,0.0
2026-08-18,Drew Romo,Chicago White Sox,2900,9,36.3,47.552123552123554,4.5
2026-08-18,Justin Crawford,Philadelphia Phillies,3200,9,42.7,60.21842496285289,7.5
2026-08-18,Alejandro Kirk,Toronto Blue Jays,3300,3,51.7,80.33647375504711,28.0
2026-08-18,Austin Hays,San Diego Padres,2900,7,32.4,49.824,2.5
2026-08-19,Pete Alonso,Baltimore Orioles,5600,2,108.3,100.0,13.0
2026-08-19,Jake Bauers,Milwaukee Brewers,4800,3,87.7,93.7397107897664,-2.0
2026-08-19,Gunnar Henderson,Baltimore Orioles,5100,3,89.8,100.0,11.5
2026-08-19,Jordan Walker,St. Louis Cardinals,5200,4,87.9,98.03550295857988,16.5
2026-08-19,Griffin Conine,Miami Marlins,3200,4,83.6,94.11206896551724,-1.5
2026-08-19,Jac Caglianone,Kansas City Royals,4600,3,84.2,100.0,5.0
2026-08-19,Jose Ramirez,Cleveland Guardians,5300,2,77.0,89.69945355191257,-1.0
2026-08-19,Vinnie Pasquantino,Kansas City Royals,4100,5,79.8,100.0,28.0
2026-08-19,Wilyer Abreu,Boston Red Sox,4400,3,68.2,77.14285714285714,6.5
2026-08-19,Yandy Diaz,Tampa Bay Rays,5200,4,79.2,100.0,20.0
2026-08-19,Corey Seager,Texas Rangers,4500,2,60.1,62.90070921985816,5.5
2026-08-19,Corbin Carroll,Arizona Diamondbacks,5500,2,69.6,86.43200962695548,6.0
2026-08-19,Nolan Schanuel,Los Angeles Angels,3400,3,63.7,75.97333333333333,-0.5
2026-08-19,Cam Smith,Houston Astros,3000,6,57.9,66.19596541786744,1.0
2026-08-19,Ryan Vilade,Tampa Bay Rays,3100,7,73.7,98.2603406326034,-1.0
2026-08-19,Richie Palacios,Tampa Bay Rays,3400,8,64.7,81.4,11.0
2026-08-19,Kyle Schwarber,Philadelphia Phillies,6300,1,66.5,85.60986547085201,2.0
2026-08-19,Bryson Stott,Philadelphia Phillies,4000,6,59.7,72.84210526315789,0.0
2026-08-19,Alec Bohm,Philadelphia Phillies,3500,5,67.0,88.0,0.0
2026-08-19,Lawrence Butler,Athletics,3000,1,57.7,69.8048780487805,5.0
2026-08-19,Coby Mayo,Baltimore Orioles,3300,5,54.2,64.57676348547719,-1.5
2026-08-19,Jeff Mcneil,Athletics,2500,1,56.7,69.78931750741839,14.0
2026-08-19,Mickey Gasper,Boston Red Sox,3100,6,56.0,70.02793296089385,17.5
2026-08-19,Alejandro Kirk,Toronto Blue Jays,3300,3,63.0,84.23376623376623,19.0
2026-08-19,Henry Bolte,Athletics,3200,1,50.8,61.25352112676056,11.5
2026-08-19,Zack Gelof,Athletics,4800,1,48.6,57.53333333333333,11.5
2026-08-19,Eugenio Suarez,Cincinnati Reds,3000,4,55.4,71.41394025604552,0.5
2026-08-19,Tommy White,Athletics,3000,1,46.6,55.32967032967033,0.0
2026-08-19,Isaac Paredes,Houston Astros,3000,3,52.2,67.96899224806201,7.0
2026-08-19,Nolan Arenado,Arizona Diamondbacks,3300,5,45.6,54.649145860709595,8.5
2026-08-19,Joe Mack,Miami Marlins,2800,8,50.2,66.66483516483517,-1.5
2026-08-19,Justin Crawford,Philadelphia Phillies,3200,8,46.9,61.368575624082226,3.0
2026-08-19,Taylor Walls,Tampa Bay Rays,2700,9,51.2,70.36842105263158,12.0
2026-08-19,Chandler Simpson,Tampa Bay Rays,3500,1,54.4,79.0965909090909,4.5
2026-08-19,Leody Taveras,Baltimore Orioles,3500,7,44.5,60.43243243243242,8.0
2026-08-19,Jonah Cox,San Francisco Giants,2100,1,35.7,43.688946015424165,-2.0
2026-08-19,Willy Adames,San Francisco Giants,3300,3,35.8,48.85714285714286,9.0
2026-08-20,Pete Alonso,Baltimore Orioles,5600,2,106.5,100.0,5.5
2026-08-20,Gunnar Henderson,Baltimore Orioles,5100,3,80.6,87.25462304409673,4.0
2026-08-20,Andres Chaparro,Washington Nationals,2000,3,79.3,92.7109634551495,-1.0
2026-08-20,Corey Seager,Texas Rangers,4500,2,65.8,73.95774647887325,18.5
2026-08-20,Isaac Paredes,Houston Astros,3000,3,69.7,95.9483870967742,8.0
2026-08-20,Leody Taveras,Baltimore Orioles,3500,7,36.7,43.54680534918276,0.0
2026-08-20,Cody Freeman,Texas Rangers,2000,8,34.1,41.37133550488599,1.5
2026-08-21,Pete Alonso,Baltimore Orioles,5600,2,107.6,100.0,21.0
2026-08-21,Miguel Vargas,Chicago White Sox,4400,3,102.1,100.0,22.5
2026-08-21,Fernando Tatis,San Diego Padres,4500,1,101.5,100.0,15.0
2026-08-21,Gunnar Henderson,Baltimore Orioles,5100,3,89.2,100.0,5.0
2026-08-21,Chase Delauter,Cleveland Guardians,3500,2,87.0,100.0,5.0
2026-08-21,Jac Caglianone,Kansas City Royals,4600,3,78.9,88.20677146311971,-1.0
2026-08-21,Wilyer Abreu,Boston Red Sox,4400,3,82.0,96.30884184308842,20.0
2026-08-21,Corbin Carroll,Arizona Diamondbacks,5500,2,83.3,100.0,19.0
2026-08-21,Jordan Walker,St. Louis Cardinals,5200,3,79.6,93.55607476635514,23.5
2026-08-21,Xander Bogaerts,San Diego Padres,3500,6,72.5,79.70724191063174,-1.0
2026-08-21,Vinnie Pasquantino,Kansas City Royals,4100,5,76.5,87.87931034482759,21.0
2026-08-21,Gleyber Torres,Detroit Tigers,3000,1,81.1,99.35038363171356,-0.5
2026-08-21,Mookie Betts,Los Angeles Dodgers,4600,5,75.3,88.24466571834992,11.0
2026-08-21,Randal Grichuk,Chicago White Sox,3400,4,73.3,84.51764705882353,17.0
2026-08-21,Yandy Diaz,Tampa Bay Rays,5200,1,63.8,72.31764705882352,-0.5
2026-08-21,Corey Seager,Texas Rangers,4500,2,62.5,72.0,5.0
2026-08-21,Kyle Karros,Colorado Rockies,2700,2,63.5,74.36942675159236,5.0
2026-08-21,Nick Sogard,Boston Red Sox,2300,1,62.9,75.79627163781625,8.5
2026-08-21,Nick Gonzales,Pittsburgh Pirates,3000,1,52.7,55.57512953367876,9.5
2026-08-21,Isaac Paredes,Houston Astros,3000,3,62.1,74.85237483953787,11.0
2026-08-21,Josh Bell,Minnesota Twins,2600,3,62.9,77.18832891246684,3.5
2026-08-21,Zach Neto,Los Angeles Angels,5200,1,55.4,63.97282608695653,2.0
2026-08-21,Justin Foscue,Texas Rangers,3000,1,59.4,72.47549019607843,1.5
2026-08-21,Paul Goldschmidt,New York Yankees,4200,1,58.1,70.78477690288713,2.0
2026-08-21,Carson Benge,New York Mets,4000,4,59.1,73.75,4.0
2026-08-21,Alec Bohm,Philadelphia Phillies,3500,5,63.3,82.4574780058651,22.0
2026-08-21,Mickey Gasper,Boston Red Sox,3100,9,55.0,66.02793296089385,4.0
2026-08-21,Alejandro Kirk,Toronto Blue Jays,3300,3,65.9,88.25888324873097,8.5
2026-08-21,Jeff Mcneil,Athletics,2500,1,56.4,69.85074626865672,3.0
2026-08-21,Brady House,Washington Nationals,3100,5,50.9,59.33333333333334,2.5
2026-08-21,Henry Bolte,Athletics,3200,1,51.1,64.3342776203966,3.5
2026-08-21,Tommy White,Athletics,3000,1,47.4,58.1794453507341,-1.0
2026-08-21,Lawrence Butler,Athletics,3000,1,53.7,71.42428785607197,-0.5
2026-08-21,Kebryan Hayes,Cincinnati Reds,3000,9,48.1,62.0,2.5
2026-08-21,Haoyu Lee,Detroit Tigers,3000,2,49.5,66.0,3.0
2026-08-21,Willy Adames,San Francisco Giants,3300,3,43.4,53.813822284908326,-0.5
2026-08-21,Kazuma Okamoto,Toronto Blue Jays,3400,6,47.3,64.66846361185983,3.0
2026-08-21,Justin Crawford,Philadelphia Phillies,3200,9,39.6,50.30177514792899,2.0
2026-08-21,Taylor Walls,Tampa Bay Rays,2700,9,31.0,34.81505728314239,-1.0
2026-08-21,Eugenio Suarez,Cincinnati Reds,3000,4,44.2,62.80341880341881,4.0
2026-08-21,Alex Bregman,Chicago Cubs,4000,1,44.0,63.487316421895855,32.5
2026-08-21,Braxton Fulford,Colorado Rockies,3700,8,33.5,42.57559198542805,2.0
2026-08-21,Cody Freeman,Texas Rangers,2000,7,29.5,34.73941368078176,3.0
2026-08-22,Pete Alonso,Baltimore Orioles,5600,2,105.8,100.0,5.5
2026-08-22,Fernando Tatis,San Diego Padres,4500,1,90.4,96.9119496855346,9.5
2026-08-22,Willson Contreras,Boston Red Sox,4900,4,91.2,100.0,2.5
2026-08-22,Mookie Betts,Los Angeles Dodgers,4600,3,85.1,95.33097595473834,3.5
2026-08-22,Corbin Carroll,Arizona Diamondbacks,5500,2,86.2,100.0,6.0
2026-08-22,Vinnie Pasquantino,Kansas City Royals,4100,5,85.8,100.0,0.0
2026-08-22,Jordan Walker,St. Louis Cardinals,5200,4,85.2,100.0,-0.5
2026-08-22,Corey Seager,Texas Rangers,4500,2,79.9,90.11080711354309,2.0
2026-08-22,Gunnar Henderson,Baltimore Orioles,5100,5,77.4,87.48936170212767,2.5
2026-08-22,Wilyer Abreu,Boston Red Sox,4400,3,83.1,100.0,0.0
2026-08-22,Oneil Cruz,Pittsburgh Pirates,3000,4,76.6,94.05437352245863,12.5
2026-08-22,Xander Bogaerts,San Diego Padres,3500,8,62.4,67.20496894409938,2.5
2026-08-22,Jac Caglianone,Kansas City Royals,4600,3,78.8,100.0,6.0
2026-08-22,Colt Keith,Detroit Tigers,3000,3,70.4,86.9893899204244,1.5
2026-08-22,Dane Myers,Cincinnati Reds,3000,7,52.1,53.870653685674554,-0.5
2026-08-22,Gleyber Torres,Detroit Tigers,3000,2,64.9,79.82291666666667,0.0
2026-08-22,Carson Benge,New York Mets,4000,4,61.7,74.69333333333333,29.0
2026-08-22,Cal Raleigh,Seattle Mariners,4600,7,49.8,50.82006920415225,5.0
2026-08-22,Nick Gonzales,Pittsburgh Pirates,3000,1,60.1,72.80465717981889,-1.0
2026-08-22,Alec Bohm,Philadelphia Phillies,3500,5,70.0,93.0,12.0
2026-08-22,Luis Arraez,Philadelphia Phillies,3900,4,69.2,93.58897243107769,5.0
2026-08-22,Josh Bell,Minnesota Twins,2600,3,58.6,73.78162450066579,1.5
2026-08-22,Mickey Gasper,Boston Red Sox,3100,9,58.7,73.92613636363636,7.0
2026-08-22,Zach Neto,Los Angeles Angels,5200,1,50.8,58.46938775510204,27.0
2026-08-22,Isaac Paredes,Houston Astros,3000,3,61.0,79.20716112531969,-0.5
2026-08-22,Lawrence Butler,Athletics,3000,1,59.2,76.9195751138088,11.5
2026-08-22,Henry Bolte,Athletics,3200,1,59.1,77.05382436260624,3.0
2026-08-22,Christian Franklin,Baltimore Orioles,2000,7,50.4,62.74657534246576,1.5
2026-08-22,Lars Nootbaar,Arizona Diamondbacks,3900,1,67.3,96.7511244377811,10.0
2026-08-22,Jeff Mcneil,Athletics,2500,1,53.0,68.38565022421525,8.0
2026-08-22,Michael Massey,Kansas City Royals,3500,7,57.9,81.0,0.0
2026-08-22,Haoyu Lee,Detroit Tigers,3000,9,41.0,49.0,14.0
2026-08-22,Jose Fernandez,Arizona Diamondbacks,2800,8,51.9,71.76190476190476,5.0
2026-08-22,Alex Bregman,Chicago Cubs,4000,3,53.0,75.0718954248366,13.0
2026-08-22,Willy Adames,San Francisco Giants,3300,3,40.7,50.83641536273115,18.0
2026-08-22,Caleb Durbin,Boston Red Sox,2900,6,46.7,63.21379310344827,10.0
2026-08-22,Cody Freeman,Texas Rangers,2000,8,45.1,62.28125,2.5
2026-08-22,Drew Romo,Chicago White Sox,2900,9,23.2,27.0,9.0
2026-08-23,Fernando Tatis,San Diego Padres,4500,1,86.2,100.0,43.0
2026-08-23,Corbin Carroll,Arizona Diamondbacks,5500,2,65.3,77.13523131672598,16.5
2026-08-23,Chase Delauter,Cleveland Guardians,3500,2,60.3,69.25584255842558,29.0
2026-08-23,Kaelen Culpepper,Minnesota Twins,3000,9,44.9,48.237154150197625,3.0
2026-08-23,Tim Tawa,Arizona Diamondbacks,2500,6,54.0,66.62937062937063,8.0
2026-08-23,Nick Gonzales,Pittsburgh Pirates,3000,1,52.8,65.89238845144357,7.0
2026-08-23,William Contreras,Milwaukee Brewers,4500,3,57.9,81.18844566712517,6.0
2026-08-23,Cal Raleigh,Seattle Mariners,4600,4,49.8,65.0,2.5
2026-08-23,Hector Rodriguez,Cincinnati Reds,3000,9,33.5,40.726631393298064,4.5
2026-08-24,Miguel Vargas,Chicago White Sox,4400,3,98.8,100.0,5.0
2026-08-24,Bryce Harper,Philadelphia Phillies,5800,3,93.4,95.34470989761093,8.0
2026-08-24,Fernando Tatis,San Diego Padres,4500,1,91.0,100.0,4.0
2026-08-24,Corey Seager,Texas Rangers,4500,2,78.4,85.29972752043597,23.0
2026-08-24,Corbin Carroll,Arizona Diamondbacks,5500,2,77.3,89.13523131672598,11.0
2026-08-24,Pete Crowarmstrong,Chicago Cubs,6400,1,82.3,100.0,0.0
2026-08-24,Xander Bogaerts,San Diego Padres,3500,1,66.9,76.76160990712074,9.0
2026-08-24,Lars Nootbaar,Arizona Diamondbacks,3900,1,63.9,82.75,0.0
2026-08-24,Tim Tawa,Arizona Diamondbacks,2500,7,55.0,64.81460674157303,3.0
2026-08-24,Colt Keith,Detroit Tigers,3000,1,51.1,57.241610738255034,1.0
2026-08-24,Mickey Gasper,Boston Red Sox,3100,8,60.4,75.97002724795641,14.0
2026-08-24,Alec Bohm,Philadelphia Phillies,3500,5,59.7,75.0,1.5
2026-08-24,Jakob Marsee,Miami Marlins,3700,6,50.5,57.49618320610686,5.5
2026-08-24,Anthony Seigler,Boston Red Sox,2300,9,53.4,63.90055248618785,14.0
2026-08-24,Zach Neto,Los Angeles Angels,5200,1,60.3,79.20053120849934,5.0
2026-08-24,Jt Realmuto,Philadelphia Phillies,3600,8,48.0,55.0,14.0
2026-08-24,Tristan Peters,Chicago White Sox,2700,8,52.7,65.69430051813471,15.5
2026-08-24,Luis Arraez,Philadelphia Phillies,3900,4,53.8,69.06766917293233,3.0
2026-08-24,Cal Raleigh,Seattle Mariners,4600,6,41.8,49.57512953367876,46.0
2026-08-24,Drew Romo,Chicago White Sox,2900,9,44.2,55.0,3.0
2026-08-24,Kaelen Culpepper,Minnesota Twins,3000,7,66.1,98.86734693877551,16.0
2026-08-24,Haoyu Lee,Detroit Tigers,3000,2,45.1,57.0,-1.0
2026-08-24,Max Muncy,Athletics,3500,1,49.4,68.0,2.5
2026-08-24,Henry Bolte,Athletics,3200,1,47.3,65.72829131652661,17.0
2026-08-24,Justin Crawford,Philadelphia Phillies,3200,9,34.3,42.45833333333333,0.0
2026-08-24,Jeff Mcneil,Athletics,2500,1,46.2,67.11940298507463,17.0
2026-08-24,Keibert Ruiz,Washington Nationals,3800,6,38.2,68.0,10.0
2026-08-25,Pete Alonso,Baltimore Orioles,5600,2,97.6,95.25581395348837,33.0
2026-08-25,Bryce Harper,Philadelphia Phillies,5800,3,96.0,100.0,5.5
2026-08-25,Miguel Vargas,Chicago White Sox,4400,3,93.9,97.27400468384074,11.5
2026-08-25,Fernando Tatis,San Diego Padres,4500,1,87.7,100.0,5.0
2026-08-25,Vinnie Pasquantino,Kansas City Royals,4100,3,83.3,100.0,12.0
2026-08-25,Corey Seager,Texas Rangers,4500,2,77.4,88.74834437086093,-1.5
2026-08-25,Garrett Mitchell,Milwaukee Brewers,3300,7,74.5,89.98721227621483,2.5
2026-08-25,Pete Crowarmstrong,Chicago Cubs,6400,1,72.7,87.0,2.0
2026-08-25,Rafael Devers,San Francisco Giants,3700,2,57.0,57.42713567839196,17.5
2026-08-25,Corbin Carroll,Arizona Diamondbacks,5500,2,77.2,98.74016686531586,2.5
2026-08-25,Heriberto Hernandez,Miami Marlins,3500,2,67.7,81.90196078431373,14.0
2026-08-25,Cal Raleigh,Seattle Mariners,4600,5,60.0,67.0,17.5
2026-08-25,Jordan Walker,St. Louis Cardinals,5200,4,72.4,91.98823529411764,-0.5
2026-08-25,Carson Benge,New York Mets,4000,3,64.0,75.34640522875817,11.0
2026-08-25,William Contreras,Milwaukee Brewers,4500,3,68.0,84.4264099037139,18.5
2026-08-25,Mickey Gasper,Boston Red Sox,3100,5,67.1,83.0,32.0
2026-08-25,Tim Tawa,Arizona Diamondbacks,2500,7,61.1,76.25738396624473,1.5
2026-08-25,Donovan Walton,Athletics,2800,1,58.3,71.00734394124848,4.5
2026-08-25,Kazuma Okamoto,Toronto Blue Jays,3400,4,46.5,47.45209176788124,1.0
2026-08-25,Isaac Paredes,Houston Astros,3000,3,66.3,87.37595907928389,9.0
2026-08-25,Alec Bohm,Philadelphia Phillies,3500,5,59.5,74.64731494920174,3.5
2026-08-25,Anthony Seigler,Boston Red Sox,2300,8,57.8,71.37837837837839,3.5
2026-08-25,Kaelen Culpepper,Minnesota Twins,3000,6,72.0,100.0,8.0
2026-08-25,Salvador Perez,Kansas City Royals,3500,4,64.6,85.39346811819595,6.5
2026-08-25,Luis Lara,Milwaukee Brewers,2000,6,55.2,66.64135021097047,4.0
2026-08-25,Luis Arraez,Philadelphia Phillies,3900,4,56.7,72.13065326633166,3.0
2026-08-25,Henry Bolte,Athletics,3200,1,54.1,68.33333333333334,6.5
2026-08-25,Ian Happ,Chicago Cubs,4500,5,58.0,76.10666666666667,17.5
2026-08-25,Tristan Peters,Chicago White Sox,2700,7,47.4,57.151866151866145,32.0
2026-08-25,Wyatt Langford,Texas Rangers,4000,3,49.0,61.71902937420179,10.0
2026-08-25,Haoyu Lee,Detroit Tigers,3000,2,57.5,79.0,4.5
2026-08-25,Nathan Church,St. Louis Cardinals,2900,8,45.8,56.62015503875969,17.0
2026-08-25,Zach Neto,Los Angeles Angels,5200,1,49.7,64.98666666666666,4.0
2026-08-25,Justin Foscue,Texas Rangers,3000,1,53.9,73.94750320102433,25.0
2026-08-25,Connor Wong,Boston Red Sox,2600,9,45.9,57.947873799725656,1.5
2026-08-25,Kyle Isbel,Kansas City Royals,2500,9,46.0,59.939209726443764,2.5
2026-08-25,Jazz Chisholm,New York Yankees,4400,7,43.3,54.83861671469741,12.0
2026-08-25,Michael Conforto,Chicago Cubs,3500,8,49.6,67.4055068836045,2.5
2026-08-25,Logan Ohoppe,Texas Rangers,2800,7,31.9,39.0,0.0
2026-08-25,Michael Massey,Kansas City Royals,3500,5,51.0,80.83223249669749,2.0
2026-08-25,Drew Romo,Chicago White Sox,2900,9,28.6,37.962825278810406,3.0
2026-08-25,Jarren Duran,Boston Red Sox,4700,7,41.1,63.62658227848101,19.0
2026-08-25,Grant Mccray,San Francisco Giants,2000,8,19.6,29.161220043572982,4.5
2026-08-26,Miguel Vargas,Chicago White Sox,4400,1,105.1,100.0,20.5
2026-08-26,Pete Alonso,Baltimore Orioles,5600,1,102.7,100.0,17.5
2026-08-26,Bryce Harper,Philadelphia Phillies,5800,1,97.5,100.0,21.0
2026-08-26,Fernando Tatis,San Diego Padres,4500,1,94.2,100.0,-1.0
2026-08-26,Pete Crowarmstrong,Chicago Cubs,6400,1,84.7,98.0,3.5
2026-08-26,Luis Robert,New York Mets,5000,1,81.9,93.0,3.0
2026-08-26,Corey Seager,Texas Rangers,4500,1,67.4,68.544474393531,1.0
2026-08-26,Vinnie Pasquantino,Kansas City Royals,4100,1,81.5,100.0,0.0
2026-08-26,Randal Grichuk,Chicago White Sox,3400,1,69.8,77.63133640552995,-0.5
2026-08-26,Garrett Mitchell,Milwaukee Brewers,3300,1,80.0,100.0,8.5
2026-08-26,Mickey Gasper,Boston Red Sox,3100,1,75.1,93.0,2.0
2026-08-26,Hunter Goodman,Colorado Rockies,5300,1,65.6,75.0324074074074,20.5
2026-08-26,Heriberto Hernandez,Miami Marlins,3500,1,63.1,71.50649350649351,12.5
2026-08-26,Michael Harris,Atlanta Braves,4200,1,66.5,78.53086419753086,2.0
2026-08-26,Steven Kwan,Cleveland Guardians,3200,1,67.6,83.7605633802817,9.5
2026-08-26,Colt Keith,Detroit Tigers,3000,4,54.2,60.08108108108108,-0.5
2026-08-26,Max Muncy,Athletics,3500,1,59.5,72.0,0.0
2026-08-26,Alejandro Kirk,Toronto Blue Jays,3300,1,58.3,69.94871794871794,0.0
2026-08-26,Cal Raleigh,Seattle Mariners,4600,1,56.8,67.0,-2.0
2026-08-26,Ezequiel Tovar,Colorado Rockies,3900,1,65.8,85.55704697986577,16.5
2026-08-26,Kazuma Okamoto,Toronto Blue Jays,3400,1,46.5,48.22764227642276,4.0
2026-08-26,Tim Tawa,Arizona Diamondbacks,2500,1,55.7,67.8581560283688,1.5
2026-08-26,Zach Neto,Los Angeles Angels,5200,1,71.6,100.0,9.0
2026-08-26,Dane Myers,Cincinnati Reds,3000,1,48.6,54.40340909090909,19.5
2026-08-26,Brett Baty,New York Mets,2700,1,52.2,63.146496815286625,10.0
2026-08-26,Salvador Perez,Kansas City Royals,3500,1,56.9,72.95800933125972,-1.0
2026-08-26,Jt Realmuto,Philadelphia Phillies,3600,1,54.4,68.0,2.5
2026-08-26,Mauricio Dubon,Atlanta Braves,3200,1,54.7,70.40311173974541,11.0
2026-08-26,Luis Arraez,Philadelphia Phillies,3900,1,55.0,71.27959697732997,0.0
2026-08-26,Alec Bohm,Philadelphia Phillies,3500,1,54.5,70.46734397677794,1.5
2026-08-26,Christian Yelich,Milwaukee Brewers,5000,1,57.2,75.70605187319885,5.0
2026-08-26,William Contreras,Milwaukee Brewers,4500,1,59.8,81.12313937753721,0.0
2026-08-26,Isaac Paredes,Houston Astros,3000,1,58.1,79.80102040816327,4.0
2026-08-26,Jose Fernandez,Arizona Diamondbacks,2800,1,49.2,62.879765395894424,-0.5
2026-08-26,Nathan Church,St. Louis Cardinals,2900,1,51.6,68.0,17.5
2026-08-26,Tommy White,Athletics,3000,1,49.8,64.73553719008265,12.5
2026-08-26,Jazz Chisholm,New York Yankees,4400,1,56.4,78.20689655172414,22.0
2026-08-26,Haoyu Lee,Detroit Tigers,3000,9,41.2,48.0,0.0
2026-08-26,Carson Benge,New York Mets,4000,1,48.8,65.15912031047866,2.5
2026-08-26,Coby Mayo,Baltimore Orioles,3300,1,48.8,65.14668547249647,0.0
2026-08-26,Kyle Isbel,Kansas City Royals,2500,1,46.5,60.8854961832061,-0.5
2026-08-26,David Hamilton,Milwaukee Brewers,3000,1,50.7,69.99537750385208,7.0
2026-08-26,George Springer,Toronto Blue Jays,3700,1,46.9,63.66619519094766,2.5
2026-08-26,Keibert Ruiz,Washington Nationals,3800,1,48.3,66.91029023746702,0.0
2026-08-26,Hector Rodriguez,Cincinnati Reds,3000,1,43.4,57.42857142857142,30.5
2026-08-26,Christian Moore,Los Angeles Angels,2400,1,50.7,74.35403726708074,6.0
2026-08-26,Andres Gimenez,Toronto Blue Jays,2800,1,36.5,46.12634822804314,0.0
2026-08-26,Cody Freeman,Texas Rangers,2000,1,38.0,49.55882352941176,4.0
2026-08-26,Rafael Devers,San Francisco Giants,3700,2,48.5,71.60847880299252,21.0
2026-08-26,Brooks Lee,Minnesota Twins,3400,1,45.6,66.21857923497268,13.5
2026-08-26,Justin Crawford,Philadelphia Phillies,3200,1,38.7,53.39520958083832,7.0
2026-08-26,Ian Happ,Chicago Cubs,4500,1,43.5,65.44297082228117,0.0
2026-08-26,Michael Massey,Kansas City Royals,3500,1,42.6,70.55702917771883,0.0
2026-08-26,Jarren Duran,Boston Red Sox,4700,1,39.0,68.26415094339623,3.0
