{"FF": 0.5038593481989708, "SL": 0.3439108061749571, "FS": 0.09176672384219554, "ST": 0.030874785591766724, "CU": 0.015437392795883362, "SI": 0.014150943396226415}