{"SI": 0.3100303951367781, "FF": 0.23575227963525835, "SL": 0.18636018237082067, "CH": 0.1571048632218845, "CU": 0.11075227963525835}