{"FF": 0.43908794788273614, "CH": 0.2931596091205212, "CU": 0.17296416938110748, "SL": 0.09478827361563517}