{"FF": 0.239736946990833, "SI": 0.19529693104822637, "CH": 0.1817457154244719, "FC": 0.1046233559186927, "SL": 0.09944200876843363, "CU": 0.09844559585492228, "ST": 0.08070944599442009}