{"FF": 0.42083456643977507, "KC": 0.22906185261911807, "SL": 0.22610239715892275, "CH": 0.06777153003847292, "SI": 0.05622965374371116}