{"FF": 0.43156905731287193, "SL": 0.278734732226746, "CU": 0.16473535859693078, "CH": 0.08048856874412778, "SI": 0.03758221108675227, "FS": 0.005950516755402443, "PO": 0.0009395552771688068}