{"SI": 0.46087098886705957, "CU": 0.3189259986902423, "CH": 0.17747216764898494, "SL": 0.03814669286182056, "FF": 0.0045841519318926}