{"FF": 0.30959428869928607, "SI": 0.20076615009576876, "FC": 0.13216089152011143, "ST": 0.12502176562772072, "FS": 0.10464913808114226, "CU": 0.07191363398920425, "SL": 0.05572000696500087, "PO": 0.00017412502176562773}