{"KC": 0.31353919239904987, "FF": 0.28686278092453865, "SI": 0.19477434679334918, "CH": 0.11894756075278641, "FC": 0.0858761191302759}