{"FF": 0.44644624826766977, "CH": 0.2173826964957434, "SL": 0.1368045931498713, "KC": 0.10690952286675906, "FC": 0.09166501682835082, "SI": 0.0007919223916056226}