{"FF": 0.5201900237529691, "CU": 0.21488519398258116, "CH": 0.0997624703087886, "FC": 0.09326999208234363, "SL": 0.06714172604908947, "ST": 0.002533650039588282, "SI": 0.0022169437846397467}