{"FF": 0.4122423485321674, "ST": 0.24547158026233604, "CH": 0.2161149281698938, "KC": 0.07432854465958776, "SI": 0.051842598376014994}