{"FF": 0.5052583447645176, "FS": 0.2816643804298125, "SL": 0.11476909007773205, "FC": 0.09830818472793781}