{"FF": 0.5896514552641035, "FC": 0.13600431189363996, "SL": 0.12073302191879266, "CU": 0.08821415738411786, "CH": 0.05749191519942508, "ST": 0.007905138339920948}