{"SL": 0.3457732541702007, "FF": 0.3423805484874187, "CU": 0.16539440203562342, "FC": 0.11846197342380549, "CH": 0.021204410517387615, "SI": 0.006785411365564037}