{
  "New York Yankees": {
    "era": 3.04,
    "whip": 1.19,
    "k_bb_pct": 0.13890857547838412,
    "k": 315,
    "bb": 119,
    "bf": 1411
  },
  "Atlanta Braves": {
    "era": 3.06,
    "whip": 1.12,
    "k_bb_pct": 0.15705350938151494,
    "k": 345,
    "bb": 119,
    "bf": 1439
  },
  "Boston Red Sox": {
    "era": 3.21,
    "whip": 1.19,
    "k_bb_pct": 0.14775910364145659,
    "k": 330,
    "bb": 119,
    "bf": 1428
  },
  "Seattle Mariners": {
    "era": 3.56,
    "whip": 1.31,
    "k_bb_pct": 0.1282051282051282,
    "k": 281,
    "bb": 116,
    "bf": 1287
  },
  "Milwaukee Brewers": {
    "era": 3.58,
    "whip": 1.27,
    "k_bb_pct": 0.1383046526449968,
    "k": 377,
    "bb": 160,
    "bf": 1569
  },
  "San Diego Padres": {
    "era": 3.68,
    "whip": 1.27,
    "k_bb_pct": 0.14185639229422067,
    "k": 402,
    "bb": 159,
    "bf": 1713
  },
  "Miami Marlins": {
    "era": 3.69,
    "whip": 1.19,
    "k_bb_pct": 0.14266666666666666,
    "k": 368,
    "bb": 154,
    "bf": 1500
  },
  "Cleveland Guardians": {
    "era": 3.74,
    "whip": 1.32,
    "k_bb_pct": 0.16020114942528735,
    "k": 357,
    "bb": 134,
    "bf": 1392
  },
  "Los Angeles Dodgers": {
    "era": 3.8,
    "whip": 1.24,
    "k_bb_pct": 0.14944237918215614,
    "k": 340,
    "bb": 139,
    "bf": 1345
  },
  "Toronto Blue Jays": {
    "era": 3.8,
    "whip": 1.28,
    "k_bb_pct": 0.13942589338019917,
    "k": 398,
    "bb": 160,
    "bf": 1707
  },
  "Detroit Tigers": {
    "era": 3.88,
    "whip": 1.32,
    "k_bb_pct": 0.1268456375838926,
    "k": 329,
    "bb": 140,
    "bf": 1490
  },
  "Chicago White Sox": {
    "era": 3.93,
    "whip": 1.33,
    "k_bb_pct": 0.11875335840945728,
    "k": 427,
    "bb": 206,
    "bf": 1861
  },
  "Texas Rangers": {
    "era": 4.0,
    "whip": 1.29,
    "k_bb_pct": 0.1218343600273785,
    "k": 295,
    "bb": 117,
    "bf": 1461
  },
  "Arizona Diamondbacks": {
    "era": 4.0,
    "whip": 1.19,
    "k_bb_pct": 0.1294206170052671,
    "k": 279,
    "bb": 107,
    "bf": 1329
  },
  "New York Mets": {
    "era": 4.01,
    "whip": 1.27,
    "k_bb_pct": 0.14873239436619717,
    "k": 419,
    "bb": 155,
    "bf": 1775
  },
  "Chicago Cubs": {
    "era": 4.09,
    "whip": 1.31,
    "k_bb_pct": 0.12121212121212122,
    "k": 330,
    "bb": 142,
    "bf": 1551
  },
  "St. Louis Cardinals": {
    "era": 4.22,
    "whip": 1.36,
    "k_bb_pct": 0.09633911368015415,
    "k": 311,
    "bb": 161,
    "bf": 1557
  },
  "Baltimore Orioles": {
    "era": 4.23,
    "whip": 1.28,
    "k_bb_pct": 0.13544474393530997,
    "k": 325,
    "bb": 124,
    "bf": 1484
  },
  "Tampa Bay Rays": {
    "era": 4.27,
    "whip": 1.24,
    "k_bb_pct": 0.1351522842639594,
    "k": 348,
    "bb": 135,
    "bf": 1576
  },
  "Houston Astros": {
    "era": 4.3,
    "whip": 1.34,
    "k_bb_pct": 0.11757648470305938,
    "k": 382,
    "bb": 186,
    "bf": 1667
  },
  "Philadelphia Phillies": {
    "era": 4.44,
    "whip": 1.35,
    "k_bb_pct": 0.17034068136272545,
    "k": 382,
    "bb": 127,
    "bf": 1497
  },
  "San Francisco Giants": {
    "era": 4.47,
    "whip": 1.42,
    "k_bb_pct": 0.0880503144654088,
    "k": 285,
    "bb": 159,
    "bf": 1431
  },
  "Pittsburgh Pirates": {
    "era": 4.48,
    "whip": 1.41,
    "k_bb_pct": 0.12004875076173065,
    "k": 385,
    "bb": 188,
    "bf": 1641
  },
  "Los Angeles Angels": {
    "era": 4.61,
    "whip": 1.42,
    "k_bb_pct": 0.12360248447204969,
    "k": 387,
    "bb": 188,
    "bf": 1610
  },
  "Cincinnati Reds": {
    "era": 4.67,
    "whip": 1.48,
    "k_bb_pct": 0.07485963817841547,
    "k": 334,
    "bb": 214,
    "bf": 1603
  },
  "Colorado Rockies": {
    "era": 4.93,
    "whip": 1.48,
    "k_bb_pct": 0.10418963616317531,
    "k": 358,
    "bb": 169,
    "bf": 1814
  },
  "Washington Nationals": {
    "era": 5.07,
    "whip": 1.48,
    "k_bb_pct": 0.08493827160493828,
    "k": 374,
    "bb": 202,
    "bf": 2025
  },
  "Athletics": {
    "era": 5.18,
    "whip": 1.45,
    "k_bb_pct": 0.12808460634547592,
    "k": 385,
    "bb": 167,
    "bf": 1702
  },
  "Minnesota Twins": {
    "era": 5.19,
    "whip": 1.53,
    "k_bb_pct": 0.08801020408163265,
    "k": 319,
    "bb": 181,
    "bf": 1568
  },
  "Kansas City Royals": {
    "era": 5.33,
    "whip": 1.57,
    "k_bb_pct": 0.07647440051847051,
    "k": 298,
    "bb": 180,
    "bf": 1543
  }
}