{
  "Atlanta Braves": {
    "era": 2.85,
    "whip": 1.1,
    "k_bb_pct": 0.16216216216216217,
    "k": 278,
    "bb": 92,
    "bf": 1147
  },
  "San Diego Padres": {
    "era": 3.12,
    "whip": 1.22,
    "k_bb_pct": 0.15693430656934307,
    "k": 341,
    "bb": 126,
    "bf": 1370
  },
  "Boston Red Sox": {
    "era": 3.26,
    "whip": 1.21,
    "k_bb_pct": 0.14909390444810544,
    "k": 279,
    "bb": 98,
    "bf": 1214
  },
  "New York Yankees": {
    "era": 3.28,
    "whip": 1.23,
    "k_bb_pct": 0.13766233766233765,
    "k": 260,
    "bb": 101,
    "bf": 1155
  },
  "New York Mets": {
    "era": 3.39,
    "whip": 1.18,
    "k_bb_pct": 0.15902964959568733,
    "k": 359,
    "bb": 123,
    "bf": 1484
  },
  "Miami Marlins": {
    "era": 3.4,
    "whip": 1.18,
    "k_bb_pct": 0.14308426073131955,
    "k": 317,
    "bb": 137,
    "bf": 1258
  },
  "Seattle Mariners": {
    "era": 3.55,
    "whip": 1.32,
    "k_bb_pct": 0.1402116402116402,
    "k": 260,
    "bb": 101,
    "bf": 1134
  },
  "Milwaukee Brewers": {
    "era": 3.56,
    "whip": 1.29,
    "k_bb_pct": 0.14087759815242495,
    "k": 318,
    "bb": 135,
    "bf": 1299
  },
  "Los Angeles Dodgers": {
    "era": 3.68,
    "whip": 1.2,
    "k_bb_pct": 0.16074766355140188,
    "k": 276,
    "bb": 104,
    "bf": 1070
  },
  "Toronto Blue Jays": {
    "era": 3.74,
    "whip": 1.29,
    "k_bb_pct": 0.13226452905811623,
    "k": 345,
    "bb": 147,
    "bf": 1497
  },
  "Texas Rangers": {
    "era": 3.74,
    "whip": 1.26,
    "k_bb_pct": 0.11832374691865243,
    "k": 245,
    "bb": 101,
    "bf": 1217
  },
  "Detroit Tigers": {
    "era": 3.82,
    "whip": 1.32,
    "k_bb_pct": 0.1264546159813809,
    "k": 289,
    "bb": 126,
    "bf": 1289
  },
  "Cleveland Guardians": {
    "era": 3.91,
    "whip": 1.34,
    "k_bb_pct": 0.16552315608919382,
    "k": 308,
    "bb": 115,
    "bf": 1166
  },
  "Philadelphia Phillies": {
    "era": 3.91,
    "whip": 1.27,
    "k_bb_pct": 0.18262268704746581,
    "k": 319,
    "bb": 92,
    "bf": 1243
  },
  "Chicago Cubs": {
    "era": 3.95,
    "whip": 1.28,
    "k_bb_pct": 0.11868300153139356,
    "k": 278,
    "bb": 123,
    "bf": 1306
  },
  "Chicago White Sox": {
    "era": 4.27,
    "whip": 1.37,
    "k_bb_pct": 0.10788643533123028,
    "k": 348,
    "bb": 177,
    "bf": 1585
  },
  "Arizona Diamondbacks": {
    "era": 4.32,
    "whip": 1.26,
    "k_bb_pct": 0.11790780141843972,
    "k": 232,
    "bb": 99,
    "bf": 1128
  },
  "Pittsburgh Pirates": {
    "era": 4.32,
    "whip": 1.36,
    "k_bb_pct": 0.1272595806218366,
    "k": 330,
    "bb": 154,
    "bf": 1383
  },
  "St. Louis Cardinals": {
    "era": 4.38,
    "whip": 1.38,
    "k_bb_pct": 0.09752198241406874,
    "k": 252,
    "bb": 130,
    "bf": 1251
  },
  "San Francisco Giants": {
    "era": 4.39,
    "whip": 1.45,
    "k_bb_pct": 0.0823045267489712,
    "k": 241,
    "bb": 141,
    "bf": 1215
  },
  "Baltimore Orioles": {
    "era": 4.44,
    "whip": 1.32,
    "k_bb_pct": 0.13168086754453912,
    "k": 286,
    "bb": 116,
    "bf": 1291
  },
  "Tampa Bay Rays": {
    "era": 4.49,
    "whip": 1.3,
    "k_bb_pct": 0.11843079200592153,
    "k": 284,
    "bb": 124,
    "bf": 1351
  },
  "Houston Astros": {
    "era": 4.49,
    "whip": 1.36,
    "k_bb_pct": 0.10681658468025299,
    "k": 315,
    "bb": 163,
    "bf": 1423
  },
  "Los Angeles Angels": {
    "era": 4.62,
    "whip": 1.45,
    "k_bb_pct": 0.10254545454545455,
    "k": 313,
    "bb": 172,
    "bf": 1375
  },
  "Cincinnati Reds": {
    "era": 4.72,
    "whip": 1.5,
    "k_bb_pct": 0.07736804049168475,
    "k": 292,
    "bb": 185,
    "bf": 1383
  },
  "Colorado Rockies": {
    "era": 4.99,
    "whip": 1.48,
    "k_bb_pct": 0.10976388002552648,
    "k": 318,
    "bb": 146,
    "bf": 1567
  },
  "Athletics": {
    "era": 5.01,
    "whip": 1.42,
    "k_bb_pct": 0.12844036697247707,
    "k": 320,
    "bb": 138,
    "bf": 1417
  },
  "Washington Nationals": {
    "era": 5.02,
    "whip": 1.46,
    "k_bb_pct": 0.08120386144236229,
    "k": 319,
    "bb": 176,
    "bf": 1761
  },
  "Minnesota Twins": {
    "era": 5.42,
    "whip": 1.57,
    "k_bb_pct": 0.0851528384279476,
    "k": 276,
    "bb": 159,
    "bf": 1374
  },
  "Kansas City Royals": {
    "era": 5.51,
    "whip": 1.59,
    "k_bb_pct": 0.08448540706605223,
    "k": 262,
    "bb": 152,
    "bf": 1302
  }
}